date,ski,country
2010-01-01,77,Norway
2010-01-02,63,Norway
2010-01-03,86,Norway
2010-01-04,100,Norway
2010-01-05,62,Norway
2010-01-06,76,Norway
2010-01-07,95,Norway
2010-01-08,57,Norway
2010-01-09,66,Norway
2010-01-10,64,Norway
2010-01-11,67,Norway
2010-01-12,49,Norway
2010-01-13,41,Norway
2010-01-14,58,Norway
2010-01-15,57,Norway
2010-01-16,77,Norway
2010-01-17,74,Norway
2010-01-18,55,Norway
2010-01-19,55,Norway
2010-01-20,49,Norway
2010-01-21,85,Norway
2010-01-22,78,Norway
2010-01-23,85,Norway
2010-01-24,95,Norway
2010-01-25,58,Norway
2010-01-26,49,Norway
2010-01-27,61,Norway
2010-01-28,49,Norway
2010-01-29,51,Norway
2010-01-30,48,Norway
2010-01-31,57,Norway
2010-02-01,51,Norway
2010-02-02,49,Norway
2010-02-03,41,Norway
2010-02-04,47,Norway
2010-02-05,45,Norway
2010-02-06,58,Norway
2010-02-07,41,Norway
2010-02-08,48,Norway
2010-02-09,39,Norway
2010-02-10,38,Norway
2010-02-11,47,Norway
2010-02-12,52,Norway
2010-02-13,66,Norway
2010-02-14,41,Norway
2010-02-15,63,Norway
2010-02-16,61,Norway
2010-02-17,62,Norway
2010-02-18,57,Norway
2010-02-19,65,Norway
2010-02-20,57,Norway
2010-02-21,66,Norway
2010-02-22,53,Norway
2010-02-23,51,Norway
2010-02-24,60,Norway
2010-02-25,44,Norway
2010-02-26,67,Norway
2010-02-27,70,Norway
2010-02-28,56,Norway
2010-03-01,64,Norway
2010-03-02,34,Norway
2010-03-03,57,Norway
2010-03-04,38,Norway
2010-03-05,61,Norway
2010-03-06,56,Norway
2010-03-07,52,Norway
2010-03-08,41,Norway
2010-03-09,39,Norway
2010-03-10,38,Norway
2010-03-11,43,Norway
2010-03-12,47,Norway
2010-03-13,50,Norway
2010-03-14,49,Norway
2010-03-15,44,Norway
2010-03-16,45,Norway
2010-03-17,44,Norway
2010-03-18,44,Norway
2010-03-19,49,Norway
2010-03-20,47,Norway
2010-03-21,45,Norway
2010-03-22,30,Norway
2010-03-23,28,Norway
2010-03-24,37,Norway
2010-03-25,43,Norway
2010-03-26,32,Norway
2010-03-27,37,Norway
2010-03-28,31,Norway
2010-03-29,34,Norway
2010-03-30,36,Norway
2010-03-31,45,Norway
2010-04-01,38,Norway
2010-04-02,30,Norway
2010-04-03,22,Norway
2010-04-04,26,Norway
2010-04-05,35,Norway
2010-04-06,42,Norway
2010-04-07,29,Norway
2010-04-08,19,Norway
2010-04-09,17,Norway
2010-04-10,31,Norway
2010-04-11,16,Norway
2010-04-12,26,Norway
2010-04-13,24,Norway
2010-04-14,26,Norway
2010-04-15,18,Norway
2010-04-16,20,Norway
2010-04-17,26,Norway
2010-04-18,14,Norway
2010-04-19,10,Norway
2010-04-20,25,Norway
2010-04-21,19,Norway
2010-04-22,18,Norway
2010-04-23,19,Norway
2010-04-24,19,Norway
2010-04-25,13,Norway
2010-04-26,13,Norway
2010-04-27,20,Norway
2010-04-28,18,Norway
2010-04-29,10,Norway
2010-04-30,15,Norway
2010-05-01,21,Norway
2010-05-02,11,Norway
2010-05-03,20,Norway
2010-05-04,17,Norway
2010-05-05,14,Norway
2010-05-06,17,Norway
2010-05-07,12,Norway
2010-05-08,21,Norway
2010-05-09,12,Norway
2010-05-10,16,Norway
2010-05-11,14,Norway
2010-05-12,9,Norway
2010-05-13,11,Norway
2010-05-14,12,Norway
2010-05-15,26,Norway
2010-05-16,10,Norway
2010-05-17,8,Norway
2010-05-18,13,Norway
2010-05-19,18,Norway
2010-05-20,25,Norway
2010-05-21,11,Norway
2010-05-22,7,Norway
2010-05-23,8,Norway
2010-05-24,16,Norway
2010-05-25,15,Norway
2010-05-26,18,Norway
2010-05-27,18,Norway
2010-05-28,12,Norway
2010-05-29,10,Norway
2010-05-30,11,Norway
2010-05-31,15,Norway
2010-06-01,19,Norway
2010-06-02,13,Norway
2010-06-03,19,Norway
2010-06-04,20,Norway
2010-06-05,26,Norway
2010-06-06,11,Norway
2010-06-07,18,Norway
2010-06-08,15,Norway
2010-06-09,21,Norway
2010-06-10,13,Norway
2010-06-11,16,Norway
2010-06-12,14,Norway
2010-06-13,22,Norway
2010-06-14,10,Norway
2010-06-15,11,Norway
2010-06-16,19,Norway
2010-06-17,14,Norway
2010-06-18,21,Norway
2010-06-19,15,Norway
2010-06-20,16,Norway
2010-06-21,16,Norway
2010-06-22,20,Norway
2010-06-23,19,Norway
2010-06-24,18,Norway
2010-06-25,13,Norway
2010-06-26,12,Norway
2010-06-27,7,Norway
2010-06-28,15,Norway
2010-06-29,10,Norway
2010-06-30,23,Norway
2010-07-01,14,Norway
2010-07-02,24,Norway
2010-07-03,19,Norway
2010-07-04,17,Norway
2010-07-05,18,Norway
2010-07-06,10,Norway
2010-07-07,7,Norway
2010-07-08,14,Norway
2010-07-09,18,Norway
2010-07-10,30,Norway
2010-07-11,15,Norway
2010-07-12,18,Norway
2010-07-13,20,Norway
2010-07-14,11,Norway
2010-07-15,17,Norway
2010-07-16,18,Norway
2010-07-17,18,Norway
2010-07-18,12,Norway
2010-07-19,22,Norway
2010-07-20,25,Norway
2010-07-21,24,Norway
2010-07-22,11,Norway
2010-07-23,19,Norway
2010-07-24,28,Norway
2010-07-25,14,Norway
2010-07-26,21,Norway
2010-07-27,21,Norway
2010-07-28,11,Norway
2010-07-29,27,Norway
2010-07-30,17,Norway
2010-07-31,19,Norway
2010-08-01,12,Norway
2010-08-02,19,Norway
2010-08-03,25,Norway
2010-08-04,25,Norway
2010-08-05,24,Norway
2010-08-06,19,Norway
2010-08-07,19,Norway
2010-08-08,19,Norway
2010-08-09,27,Norway
2010-08-10,23,Norway
2010-08-11,31,Norway
2010-08-12,12,Norway
2010-08-13,11,Norway
2010-08-14,14,Norway
2010-08-15,23,Norway
2010-08-16,20,Norway
2010-08-17,14,Norway
2010-08-18,16,Norway
2010-08-19,26,Norway
2010-08-20,23,Norway
2010-08-21,18,Norway
2010-08-22,26,Norway
2010-08-23,30,Norway
2010-08-24,27,Norway
2010-08-25,25,Norway
2010-08-26,22,Norway
2010-08-27,36,Norway
2010-08-28,25,Norway
2010-08-29,30,Norway
2010-08-30,30,Norway
2010-08-31,26,Norway
2010-09-01,65,Norway
2010-09-02,17,Norway
2010-09-03,32,Norway
2010-09-04,27,Norway
2010-09-05,17,Norway
2010-09-06,29,Norway
2010-09-07,32,Norway
2010-09-08,16,Norway
2010-09-09,31,Norway
2010-09-10,17,Norway
2010-09-11,26,Norway
2010-09-12,28,Norway
2010-09-13,32,Norway
2010-09-14,22,Norway
2010-09-15,22,Norway
2010-09-16,25,Norway
2010-09-17,27,Norway
2010-09-18,22,Norway
2010-09-19,20,Norway
2010-09-20,30,Norway
2010-09-21,22,Norway
2010-09-22,35,Norway
2010-09-23,33,Norway
2010-09-24,17,Norway
2010-09-25,31,Norway
2010-09-26,33,Norway
2010-09-27,31,Norway
2010-09-28,29,Norway
2010-09-29,24,Norway
2010-09-30,30,Norway
2010-10-01,22,Norway
2010-10-02,20,Norway
2010-10-03,26,Norway
2010-10-04,33,Norway
2010-10-05,23,Norway
2010-10-06,25,Norway
2010-10-07,26,Norway
2010-10-08,32,Norway
2010-10-09,24,Norway
2010-10-10,28,Norway
2010-10-11,32,Norway
2010-10-12,26,Norway
2010-10-13,26,Norway
2010-10-14,33,Norway
2010-10-15,27,Norway
2010-10-16,34,Norway
2010-10-17,28,Norway
2010-10-18,34,Norway
2010-10-19,31,Norway
2010-10-20,27,Norway
2010-10-21,31,Norway
2010-10-22,41,Norway
2010-10-23,22,Norway
2010-10-24,40,Norway
2010-10-25,43,Norway
2010-10-26,38,Norway
2010-10-27,24,Norway
2010-10-28,31,Norway
2010-10-29,28,Norway
2010-10-30,30,Norway
2010-10-31,36,Norway
2010-11-01,32,Norway
2010-11-02,33,Norway
2010-11-03,32,Norway
2010-11-04,22,Norway
2010-11-05,39,Norway
2010-11-06,51,Norway
2010-11-07,32,Norway
2010-11-08,32,Norway
2010-11-09,38,Norway
2010-11-10,46,Norway
2010-11-11,40,Norway
2010-11-12,39,Norway
2010-11-13,39,Norway
2010-11-14,50,Norway
2010-11-15,49,Norway
2010-11-16,50,Norway
2010-11-17,36,Norway
2010-11-18,36,Norway
2010-11-19,50,Norway
2010-11-20,54,Norway
2010-11-21,58,Norway
2010-11-22,44,Norway
2010-11-23,40,Norway
2010-11-24,34,Norway
2010-11-25,40,Norway
2010-11-26,34,Norway
2010-11-27,34,Norway
2010-11-28,48,Norway
2010-11-29,38,Norway
2010-11-30,39,Norway
2010-12-01,55,Norway
2010-12-02,52,Norway
2010-12-03,44,Norway
2010-12-04,58,Norway
2010-12-05,62,Norway
2010-12-06,50,Norway
2010-12-07,45,Norway
2010-12-08,50,Norway
2010-12-09,51,Norway
2010-12-10,39,Norway
2010-12-11,54,Norway
2010-12-12,47,Norway
2010-12-13,43,Norway
2010-12-14,46,Norway
2010-12-15,42,Norway
2010-12-16,49,Norway
2010-12-17,46,Norway
2010-12-18,33,Norway
2010-12-19,67,Norway
2010-12-20,61,Norway
2010-12-21,47,Norway
2010-12-22,51,Norway
2010-12-23,41,Norway
2010-12-24,45,Norway
2010-12-25,58,Norway
2010-12-26,66,Norway
2010-12-27,85,Norway
2010-12-28,83,Norway
2010-12-29,100,Norway
2010-12-30,72,Norway
2010-12-31,92,Norway
2011-01-01,50,Norway
2011-01-02,55,Norway
2011-01-03,44,Norway
2011-01-04,37,Norway
2011-01-05,41,Norway
2011-01-06,47,Norway
2011-01-07,35,Norway
2011-01-08,63,Norway
2011-01-09,43,Norway
2011-01-10,45,Norway
2011-01-11,31,Norway
2011-01-12,33,Norway
2011-01-13,35,Norway
2011-01-14,31,Norway
2011-01-15,45,Norway
2011-01-16,42,Norway
2011-01-17,37,Norway
2011-01-18,25,Norway
2011-01-19,37,Norway
2011-01-20,25,Norway
2011-01-21,39,Norway
2011-01-22,40,Norway
2011-01-23,46,Norway
2011-01-24,38,Norway
2011-01-25,30,Norway
2011-01-26,29,Norway
2011-01-27,39,Norway
2011-01-28,41,Norway
2011-01-29,47,Norway
2011-01-30,46,Norway
2011-01-31,27,Norway
2011-02-01,31,Norway
2011-02-02,27,Norway
2011-02-03,30,Norway
2011-02-04,37,Norway
2011-02-05,45,Norway
2011-02-06,32,Norway
2011-02-07,35,Norway
2011-02-08,34,Norway
2011-02-09,33,Norway
2011-02-10,31,Norway
2011-02-11,32,Norway
2011-02-12,39,Norway
2011-02-13,33,Norway
2011-02-14,40,Norway
2011-02-15,36,Norway
2011-02-16,38,Norway
2011-02-17,33,Norway
2011-02-18,43,Norway
2011-02-19,51,Norway
2011-02-20,54,Norway
2011-02-21,53,Norway
2011-02-22,62,Norway
2011-02-23,100,Norway
2011-02-24,82,Norway
2011-02-25,69,Norway
2011-02-26,91,Norway
2011-02-27,84,Norway
2011-02-28,76,Norway
2011-03-01,68,Norway
2011-03-02,71,Norway
2011-03-03,80,Norway
2011-03-04,85,Norway
2011-03-05,85,Norway
2011-03-06,70,Norway
2011-03-07,46,Norway
2011-03-08,33,Norway
2011-03-09,20,Norway
2011-03-10,24,Norway
2011-03-11,30,Norway
2011-03-12,31,Norway
2011-03-13,36,Norway
2011-03-14,25,Norway
2011-03-15,23,Norway
2011-03-16,27,Norway
2011-03-17,24,Norway
2011-03-18,24,Norway
2011-03-19,33,Norway
2011-03-20,25,Norway
2011-03-21,25,Norway
2011-03-22,20,Norway
2011-03-23,17,Norway
2011-03-24,16,Norway
2011-03-25,23,Norway
2011-03-26,29,Norway
2011-03-27,16,Norway
2011-03-28,18,Norway
2011-03-29,19,Norway
2011-03-30,16,Norway
2011-03-31,19,Norway
2011-04-01,14,Norway
2011-04-02,15,Norway
2011-04-03,17,Norway
2011-04-04,13,Norway
2011-04-05,18,Norway
2011-04-06,13,Norway
2011-04-07,16,Norway
2011-04-08,17,Norway
2011-04-09,14,Norway
2011-04-10,18,Norway
2011-04-11,15,Norway
2011-04-12,9,Norway
2011-04-13,11,Norway
2011-04-14,8,Norway
2011-04-15,12,Norway
2011-04-16,12,Norway
2011-04-17,15,Norway
2011-04-18,14,Norway
2011-04-19,17,Norway
2011-04-20,21,Norway
2011-04-21,16,Norway
2011-04-22,13,Norway
2011-04-23,13,Norway
2011-04-24,17,Norway
2011-04-25,16,Norway
2011-04-26,12,Norway
2011-04-27,12,Norway
2011-04-28,11,Norway
2011-04-29,15,Norway
2011-04-30,15,Norway
2011-05-01,8,Norway
2011-05-02,9,Norway
2011-05-03,11,Norway
2011-05-04,8,Norway
2011-05-05,13,Norway
2011-05-06,8,Norway
2011-05-07,9,Norway
2011-05-08,5,Norway
2011-05-09,14,Norway
2011-05-10,5,Norway
2011-05-11,8,Norway
2011-05-12,5,Norway
2011-05-13,11,Norway
2011-05-14,5,Norway
2011-05-15,6,Norway
2011-05-16,11,Norway
2011-05-17,7,Norway
2011-05-18,11,Norway
2011-05-19,10,Norway
2011-05-20,12,Norway
2011-05-21,8,Norway
2011-05-22,11,Norway
2011-05-23,8,Norway
2011-05-24,10,Norway
2011-05-25,9,Norway
2011-05-26,8,Norway
2011-05-27,9,Norway
2011-05-28,9,Norway
2011-05-29,9,Norway
2011-05-30,11,Norway
2011-05-31,12,Norway
2011-06-01,12,Norway
2011-06-02,10,Norway
2011-06-03,10,Norway
2011-06-04,5,Norway
2011-06-05,8,Norway
2011-06-06,10,Norway
2011-06-07,10,Norway
2011-06-08,7,Norway
2011-06-09,11,Norway
2011-06-10,10,Norway
2011-06-11,13,Norway
2011-06-12,5,Norway
2011-06-13,9,Norway
2011-06-14,12,Norway
2011-06-15,11,Norway
2011-06-16,8,Norway
2011-06-17,8,Norway
2011-06-18,12,Norway
2011-06-19,10,Norway
2011-06-20,13,Norway
2011-06-21,11,Norway
2011-06-22,9,Norway
2011-06-23,11,Norway
2011-06-24,9,Norway
2011-06-25,9,Norway
2011-06-26,7,Norway
2011-06-27,8,Norway
2011-06-28,9,Norway
2011-06-29,10,Norway
2011-06-30,6,Norway
2011-07-01,30,Norway
2011-07-02,20,Norway
2011-07-03,12,Norway
2011-07-04,23,Norway
2011-07-05,22,Norway
2011-07-06,15,Norway
2011-07-07,23,Norway
2011-07-08,17,Norway
2011-07-09,25,Norway
2011-07-10,21,Norway
2011-07-11,26,Norway
2011-07-12,23,Norway
2011-07-13,20,Norway
2011-07-14,16,Norway
2011-07-15,20,Norway
2011-07-16,18,Norway
2011-07-17,18,Norway
2011-07-18,26,Norway
2011-07-19,24,Norway
2011-07-20,19,Norway
2011-07-21,15,Norway
2011-07-22,10,Norway
2011-07-23,21,Norway
2011-07-24,12,Norway
2011-07-25,13,Norway
2011-07-26,17,Norway
2011-07-27,34,Norway
2011-07-28,13,Norway
2011-07-29,18,Norway
2011-07-30,14,Norway
2011-07-31,18,Norway
2011-08-01,18,Norway
2011-08-02,26,Norway
2011-08-03,20,Norway
2011-08-04,22,Norway
2011-08-05,19,Norway
2011-08-06,20,Norway
2011-08-07,34,Norway
2011-08-08,20,Norway
2011-08-09,24,Norway
2011-08-10,28,Norway
2011-08-11,30,Norway
2011-08-12,23,Norway
2011-08-13,22,Norway
2011-08-14,17,Norway
2011-08-15,31,Norway
2011-08-16,22,Norway
2011-08-17,28,Norway
2011-08-18,23,Norway
2011-08-19,31,Norway
2011-08-20,22,Norway
2011-08-21,23,Norway
2011-08-22,29,Norway
2011-08-23,30,Norway
2011-08-24,31,Norway
2011-08-25,17,Norway
2011-08-26,24,Norway
2011-08-27,38,Norway
2011-08-28,36,Norway
2011-08-29,36,Norway
2011-08-30,33,Norway
2011-08-31,25,Norway
2011-09-01,22,Norway
2011-09-02,25,Norway
2011-09-03,32,Norway
2011-09-04,28,Norway
2011-09-05,32,Norway
2011-09-06,16,Norway
2011-09-07,22,Norway
2011-09-08,29,Norway
2011-09-09,23,Norway
2011-09-10,27,Norway
2011-09-11,33,Norway
2011-09-12,31,Norway
2011-09-13,21,Norway
2011-09-14,35,Norway
2011-09-15,19,Norway
2011-09-16,33,Norway
2011-09-17,31,Norway
2011-09-18,28,Norway
2011-09-19,32,Norway
2011-09-20,37,Norway
2011-09-21,29,Norway
2011-09-22,22,Norway
2011-09-23,26,Norway
2011-09-24,34,Norway
2011-09-25,33,Norway
2011-09-26,27,Norway
2011-09-27,29,Norway
2011-09-28,22,Norway
2011-09-29,27,Norway
2011-09-30,30,Norway
2011-10-01,24,Norway
2011-10-02,31,Norway
2011-10-03,26,Norway
2011-10-04,27,Norway
2011-10-05,26,Norway
2011-10-06,26,Norway
2011-10-07,40,Norway
2011-10-08,28,Norway
2011-10-09,38,Norway
2011-10-10,36,Norway
2011-10-11,31,Norway
2011-10-12,29,Norway
2011-10-13,37,Norway
2011-10-14,27,Norway
2011-10-15,36,Norway
2011-10-16,32,Norway
2011-10-17,36,Norway
2011-10-18,33,Norway
2011-10-19,29,Norway
2011-10-20,20,Norway
2011-10-21,35,Norway
2011-10-22,39,Norway
2011-10-23,38,Norway
2011-10-24,32,Norway
2011-10-25,38,Norway
2011-10-26,43,Norway
2011-10-27,30,Norway
2011-10-28,29,Norway
2011-10-29,31,Norway
2011-10-30,28,Norway
2011-10-31,28,Norway
2011-11-01,31,Norway
2011-11-02,29,Norway
2011-11-03,37,Norway
2011-11-04,35,Norway
2011-11-05,47,Norway
2011-11-06,38,Norway
2011-11-07,29,Norway
2011-11-08,32,Norway
2011-11-09,29,Norway
2011-11-10,33,Norway
2011-11-11,41,Norway
2011-11-12,44,Norway
2011-11-13,47,Norway
2011-11-14,40,Norway
2011-11-15,32,Norway
2011-11-16,35,Norway
2011-11-17,29,Norway
2011-11-18,26,Norway
2011-11-19,43,Norway
2011-11-20,45,Norway
2011-11-21,54,Norway
2011-11-22,31,Norway
2011-11-23,37,Norway
2011-11-24,37,Norway
2011-11-25,34,Norway
2011-11-26,46,Norway
2011-11-27,44,Norway
2011-11-28,46,Norway
2011-11-29,37,Norway
2011-11-30,37,Norway
2011-12-01,45,Norway
2011-12-02,43,Norway
2011-12-03,49,Norway
2011-12-04,51,Norway
2011-12-05,40,Norway
2011-12-06,53,Norway
2011-12-07,54,Norway
2011-12-08,51,Norway
2011-12-09,54,Norway
2011-12-10,60,Norway
2011-12-11,62,Norway
2011-12-12,41,Norway
2011-12-13,44,Norway
2011-12-14,41,Norway
2011-12-15,52,Norway
2011-12-16,47,Norway
2011-12-17,74,Norway
2011-12-18,73,Norway
2011-12-19,64,Norway
2011-12-20,57,Norway
2011-12-21,48,Norway
2011-12-22,53,Norway
2011-12-23,60,Norway
2011-12-24,52,Norway
2011-12-25,67,Norway
2011-12-26,77,Norway
2011-12-27,89,Norway
2011-12-28,88,Norway
2011-12-29,100,Norway
2011-12-30,99,Norway
2011-12-31,82,Norway
2012-01-01,72,Norway
2012-01-02,49,Norway
2012-01-03,73,Norway
2012-01-04,64,Norway
2012-01-05,75,Norway
2012-01-06,52,Norway
2012-01-07,72,Norway
2012-01-08,72,Norway
2012-01-09,42,Norway
2012-01-10,39,Norway
2012-01-11,43,Norway
2012-01-12,34,Norway
2012-01-13,39,Norway
2012-01-14,45,Norway
2012-01-15,36,Norway
2012-01-16,29,Norway
2012-01-17,27,Norway
2012-01-18,31,Norway
2012-01-19,29,Norway
2012-01-20,33,Norway
2012-01-21,36,Norway
2012-01-22,44,Norway
2012-01-23,34,Norway
2012-01-24,34,Norway
2012-01-25,29,Norway
2012-01-26,42,Norway
2012-01-27,45,Norway
2012-01-28,49,Norway
2012-01-29,48,Norway
2012-01-30,29,Norway
2012-01-31,29,Norway
2012-02-01,29,Norway
2012-02-02,27,Norway
2012-02-03,39,Norway
2012-02-04,42,Norway
2012-02-05,41,Norway
2012-02-06,31,Norway
2012-02-07,32,Norway
2012-02-08,31,Norway
2012-02-09,31,Norway
2012-02-10,37,Norway
2012-02-11,40,Norway
2012-02-12,37,Norway
2012-02-13,32,Norway
2012-02-14,25,Norway
2012-02-15,31,Norway
2012-02-16,34,Norway
2012-02-17,34,Norway
2012-02-18,39,Norway
2012-02-19,36,Norway
2012-02-20,36,Norway
2012-02-21,24,Norway
2012-02-22,30,Norway
2012-02-23,30,Norway
2012-02-24,36,Norway
2012-02-25,35,Norway
2012-02-26,30,Norway
2012-02-27,29,Norway
2012-02-28,27,Norway
2012-02-29,26,Norway
2012-03-01,25,Norway
2012-03-02,29,Norway
2012-03-03,35,Norway
2012-03-04,39,Norway
2012-03-05,29,Norway
2012-03-06,25,Norway
2012-03-07,31,Norway
2012-03-08,25,Norway
2012-03-09,30,Norway
2012-03-10,36,Norway
2012-03-11,31,Norway
2012-03-12,21,Norway
2012-03-13,27,Norway
2012-03-14,27,Norway
2012-03-15,27,Norway
2012-03-16,30,Norway
2012-03-17,31,Norway
2012-03-18,28,Norway
2012-03-19,25,Norway
2012-03-20,18,Norway
2012-03-21,19,Norway
2012-03-22,22,Norway
2012-03-23,23,Norway
2012-03-24,17,Norway
2012-03-25,22,Norway
2012-03-26,21,Norway
2012-03-27,23,Norway
2012-03-28,14,Norway
2012-03-29,17,Norway
2012-03-30,17,Norway
2012-03-31,29,Norway
2012-04-01,22,Norway
2012-04-02,26,Norway
2012-04-03,22,Norway
2012-04-04,22,Norway
2012-04-05,22,Norway
2012-04-06,24,Norway
2012-04-07,100,Norway
2012-04-08,24,Norway
2012-04-09,24,Norway
2012-04-10,22,Norway
2012-04-11,20,Norway
2012-04-12,12,Norway
2012-04-13,14,Norway
2012-04-14,18,Norway
2012-04-15,17,Norway
2012-04-16,13,Norway
2012-04-17,16,Norway
2012-04-18,14,Norway
2012-04-19,12,Norway
2012-04-20,16,Norway
2012-04-21,15,Norway
2012-04-22,15,Norway
2012-04-23,14,Norway
2012-04-24,14,Norway
2012-04-25,15,Norway
2012-04-26,13,Norway
2012-04-27,16,Norway
2012-04-28,19,Norway
2012-04-29,9,Norway
2012-04-30,15,Norway
2012-05-01,9,Norway
2012-05-02,13,Norway
2012-05-03,9,Norway
2012-05-04,11,Norway
2012-05-05,16,Norway
2012-05-06,7,Norway
2012-05-07,15,Norway
2012-05-08,14,Norway
2012-05-09,13,Norway
2012-05-10,16,Norway
2012-05-11,15,Norway
2012-05-12,10,Norway
2012-05-13,11,Norway
2012-05-14,15,Norway
2012-05-15,12,Norway
2012-05-16,10,Norway
2012-05-17,13,Norway
2012-05-18,17,Norway
2012-05-19,10,Norway
2012-05-20,10,Norway
2012-05-21,9,Norway
2012-05-22,12,Norway
2012-05-23,12,Norway
2012-05-24,6,Norway
2012-05-25,10,Norway
2012-05-26,14,Norway
2012-05-27,11,Norway
2012-05-28,11,Norway
2012-05-29,12,Norway
2012-05-30,10,Norway
2012-05-31,9,Norway
2012-06-01,10,Norway
2012-06-02,9,Norway
2012-06-03,13,Norway
2012-06-04,17,Norway
2012-06-05,10,Norway
2012-06-06,17,Norway
2012-06-07,13,Norway
2012-06-08,9,Norway
2012-06-09,12,Norway
2012-06-10,10,Norway
2012-06-11,15,Norway
2012-06-12,11,Norway
2012-06-13,10,Norway
2012-06-14,12,Norway
2012-06-15,10,Norway
2012-06-16,8,Norway
2012-06-17,8,Norway
2012-06-18,14,Norway
2012-06-19,12,Norway
2012-06-20,11,Norway
2012-06-21,14,Norway
2012-06-22,12,Norway
2012-06-23,12,Norway
2012-06-24,13,Norway
2012-06-25,16,Norway
2012-06-26,11,Norway
2012-06-27,13,Norway
2012-06-28,11,Norway
2012-06-29,17,Norway
2012-06-30,13,Norway
2012-07-01,15,Norway
2012-07-02,21,Norway
2012-07-03,17,Norway
2012-07-04,15,Norway
2012-07-05,24,Norway
2012-07-06,24,Norway
2012-07-07,24,Norway
2012-07-08,12,Norway
2012-07-09,15,Norway
2012-07-10,20,Norway
2012-07-11,14,Norway
2012-07-12,23,Norway
2012-07-13,13,Norway
2012-07-14,13,Norway
2012-07-15,15,Norway
2012-07-16,18,Norway
2012-07-17,21,Norway
2012-07-18,22,Norway
2012-07-19,21,Norway
2012-07-20,15,Norway
2012-07-21,19,Norway
2012-07-22,16,Norway
2012-07-23,21,Norway
2012-07-24,12,Norway
2012-07-25,19,Norway
2012-07-26,23,Norway
2012-07-27,15,Norway
2012-07-28,21,Norway
2012-07-29,13,Norway
2012-07-30,21,Norway
2012-07-31,23,Norway
2012-08-01,18,Norway
2012-08-02,20,Norway
2012-08-03,16,Norway
2012-08-04,22,Norway
2012-08-05,17,Norway
2012-08-06,22,Norway
2012-08-07,20,Norway
2012-08-08,18,Norway
2012-08-09,15,Norway
2012-08-10,23,Norway
2012-08-11,21,Norway
2012-08-12,19,Norway
2012-08-13,25,Norway
2012-08-14,25,Norway
2012-08-15,24,Norway
2012-08-16,25,Norway
2012-08-17,27,Norway
2012-08-18,26,Norway
2012-08-19,23,Norway
2012-08-20,20,Norway
2012-08-21,14,Norway
2012-08-22,23,Norway
2012-08-23,26,Norway
2012-08-24,25,Norway
2012-08-25,27,Norway
2012-08-26,28,Norway
2012-08-27,20,Norway
2012-08-28,20,Norway
2012-08-29,22,Norway
2012-08-30,21,Norway
2012-08-31,18,Norway
2012-09-01,21,Norway
2012-09-02,19,Norway
2012-09-03,18,Norway
2012-09-04,25,Norway
2012-09-05,16,Norway
2012-09-06,22,Norway
2012-09-07,27,Norway
2012-09-08,22,Norway
2012-09-09,25,Norway
2012-09-10,25,Norway
2012-09-11,30,Norway
2012-09-12,27,Norway
2012-09-13,17,Norway
2012-09-14,21,Norway
2012-09-15,30,Norway
2012-09-16,26,Norway
2012-09-17,28,Norway
2012-09-18,17,Norway
2012-09-19,23,Norway
2012-09-20,26,Norway
2012-09-21,23,Norway
2012-09-22,26,Norway
2012-09-23,16,Norway
2012-09-24,22,Norway
2012-09-25,23,Norway
2012-09-26,23,Norway
2012-09-27,28,Norway
2012-09-28,22,Norway
2012-09-29,22,Norway
2012-09-30,22,Norway
2012-10-01,25,Norway
2012-10-02,22,Norway
2012-10-03,17,Norway
2012-10-04,23,Norway
2012-10-05,26,Norway
2012-10-06,22,Norway
2012-10-07,27,Norway
2012-10-08,25,Norway
2012-10-09,21,Norway
2012-10-10,29,Norway
2012-10-11,22,Norway
2012-10-12,28,Norway
2012-10-13,27,Norway
2012-10-14,31,Norway
2012-10-15,26,Norway
2012-10-16,25,Norway
2012-10-17,25,Norway
2012-10-18,27,Norway
2012-10-19,28,Norway
2012-10-20,31,Norway
2012-10-21,27,Norway
2012-10-22,21,Norway
2012-10-23,29,Norway
2012-10-24,30,Norway
2012-10-25,28,Norway
2012-10-26,28,Norway
2012-10-27,43,Norway
2012-10-28,35,Norway
2012-10-29,37,Norway
2012-10-30,24,Norway
2012-10-31,39,Norway
2012-11-01,28,Norway
2012-11-02,27,Norway
2012-11-03,47,Norway
2012-11-04,33,Norway
2012-11-05,34,Norway
2012-11-06,31,Norway
2012-11-07,34,Norway
2012-11-08,37,Norway
2012-11-09,35,Norway
2012-11-10,42,Norway
2012-11-11,34,Norway
2012-11-12,32,Norway
2012-11-13,27,Norway
2012-11-14,26,Norway
2012-11-15,33,Norway
2012-11-16,34,Norway
2012-11-17,41,Norway
2012-11-18,32,Norway
2012-11-19,31,Norway
2012-11-20,34,Norway
2012-11-21,33,Norway
2012-11-22,32,Norway
2012-11-23,37,Norway
2012-11-24,43,Norway
2012-11-25,49,Norway
2012-11-26,33,Norway
2012-11-27,31,Norway
2012-11-28,38,Norway
2012-11-29,34,Norway
2012-11-30,34,Norway
2012-12-01,41,Norway
2012-12-02,49,Norway
2012-12-03,34,Norway
2012-12-04,34,Norway
2012-12-05,42,Norway
2012-12-06,47,Norway
2012-12-07,40,Norway
2012-12-08,51,Norway
2012-12-09,45,Norway
2012-12-10,47,Norway
2012-12-11,44,Norway
2012-12-12,38,Norway
2012-12-13,40,Norway
2012-12-14,42,Norway
2012-12-15,56,Norway
2012-12-16,49,Norway
2012-12-17,51,Norway
2012-12-18,41,Norway
2012-12-19,47,Norway
2012-12-20,38,Norway
2012-12-21,48,Norway
2012-12-22,52,Norway
2012-12-23,57,Norway
2012-12-24,42,Norway
2012-12-25,71,Norway
2012-12-26,83,Norway
2012-12-27,85,Norway
2012-12-28,82,Norway
2012-12-29,100,Norway
2012-12-30,95,Norway
2012-12-31,59,Norway
2013-01-01,100,Norway
2013-01-02,79,Norway
2013-01-03,97,Norway
2013-01-04,78,Norway
2013-01-05,83,Norway
2013-01-06,93,Norway
2013-01-07,41,Norway
2013-01-08,34,Norway
2013-01-09,34,Norway
2013-01-10,37,Norway
2013-01-11,40,Norway
2013-01-12,56,Norway
2013-01-13,55,Norway
2013-01-14,41,Norway
2013-01-15,38,Norway
2013-01-16,40,Norway
2013-01-17,36,Norway
2013-01-18,39,Norway
2013-01-19,48,Norway
2013-01-20,53,Norway
2013-01-21,40,Norway
2013-01-22,39,Norway
2013-01-23,37,Norway
2013-01-24,45,Norway
2013-01-25,48,Norway
2013-01-26,58,Norway
2013-01-27,68,Norway
2013-01-28,43,Norway
2013-01-29,37,Norway
2013-01-30,33,Norway
2013-01-31,42,Norway
2013-02-01,40,Norway
2013-02-02,57,Norway
2013-02-03,60,Norway
2013-02-04,57,Norway
2013-02-05,46,Norway
2013-02-06,43,Norway
2013-02-07,44,Norway
2013-02-08,48,Norway
2013-02-09,65,Norway
2013-02-10,65,Norway
2013-02-11,42,Norway
2013-02-12,44,Norway
2013-02-13,39,Norway
2013-02-14,39,Norway
2013-02-15,55,Norway
2013-02-16,60,Norway
2013-02-17,56,Norway
2013-02-18,51,Norway
2013-02-19,49,Norway
2013-02-20,61,Norway
2013-02-21,66,Norway
2013-02-22,55,Norway
2013-02-23,93,Norway
2013-02-24,81,Norway
2013-02-25,62,Norway
2013-02-26,67,Norway
2013-02-27,62,Norway
2013-02-28,61,Norway
2013-03-01,68,Norway
2013-03-02,70,Norway
2013-03-03,73,Norway
2013-03-04,34,Norway
2013-03-05,35,Norway
2013-03-06,34,Norway
2013-03-07,33,Norway
2013-03-08,35,Norway
2013-03-09,50,Norway
2013-03-10,40,Norway
2013-03-11,36,Norway
2013-03-12,38,Norway
2013-03-13,41,Norway
2013-03-14,31,Norway
2013-03-15,32,Norway
2013-03-16,47,Norway
2013-03-17,44,Norway
2013-03-18,35,Norway
2013-03-19,34,Norway
2013-03-20,33,Norway
2013-03-21,36,Norway
2013-03-22,31,Norway
2013-03-23,51,Norway
2013-03-24,46,Norway
2013-03-25,45,Norway
2013-03-26,37,Norway
2013-03-27,43,Norway
2013-03-28,46,Norway
2013-03-29,40,Norway
2013-03-30,38,Norway
2013-03-31,40,Norway
2013-04-01,39,Norway
2013-04-02,29,Norway
2013-04-03,28,Norway
2013-04-04,27,Norway
2013-04-05,31,Norway
2013-04-06,32,Norway
2013-04-07,29,Norway
2013-04-08,26,Norway
2013-04-09,22,Norway
2013-04-10,20,Norway
2013-04-11,21,Norway
2013-04-12,26,Norway
2013-04-13,22,Norway
2013-04-14,20,Norway
2013-04-15,19,Norway
2013-04-16,17,Norway
2013-04-17,19,Norway
2013-04-18,20,Norway
2013-04-19,24,Norway
2013-04-20,18,Norway
2013-04-21,23,Norway
2013-04-22,21,Norway
2013-04-23,17,Norway
2013-04-24,16,Norway
2013-04-25,18,Norway
2013-04-26,19,Norway
2013-04-27,22,Norway
2013-04-28,16,Norway
2013-04-29,18,Norway
2013-04-30,14,Norway
2013-05-01,14,Norway
2013-05-02,15,Norway
2013-05-03,16,Norway
2013-05-04,20,Norway
2013-05-05,12,Norway
2013-05-06,15,Norway
2013-05-07,14,Norway
2013-05-08,14,Norway
2013-05-09,15,Norway
2013-05-10,15,Norway
2013-05-11,15,Norway
2013-05-12,11,Norway
2013-05-13,17,Norway
2013-05-14,14,Norway
2013-05-15,15,Norway
2013-05-16,15,Norway
2013-05-17,16,Norway
2013-05-18,15,Norway
2013-05-19,15,Norway
2013-05-20,11,Norway
2013-05-21,19,Norway
2013-05-22,16,Norway
2013-05-23,14,Norway
2013-05-24,14,Norway
2013-05-25,14,Norway
2013-05-26,9,Norway
2013-05-27,17,Norway
2013-05-28,17,Norway
2013-05-29,17,Norway
2013-05-30,19,Norway
2013-05-31,15,Norway
2013-06-01,17,Norway
2013-06-02,14,Norway
2013-06-03,17,Norway
2013-06-04,16,Norway
2013-06-05,15,Norway
2013-06-06,12,Norway
2013-06-07,14,Norway
2013-06-08,11,Norway
2013-06-09,13,Norway
2013-06-10,12,Norway
2013-06-11,16,Norway
2013-06-12,14,Norway
2013-06-13,15,Norway
2013-06-14,13,Norway
2013-06-15,11,Norway
2013-06-16,14,Norway
2013-06-17,14,Norway
2013-06-18,16,Norway
2013-06-19,13,Norway
2013-06-20,15,Norway
2013-06-21,14,Norway
2013-06-22,15,Norway
2013-06-23,14,Norway
2013-06-24,17,Norway
2013-06-25,18,Norway
2013-06-26,14,Norway
2013-06-27,14,Norway
2013-06-28,14,Norway
2013-06-29,14,Norway
2013-06-30,9,Norway
2013-07-01,20,Norway
2013-07-02,23,Norway
2013-07-03,23,Norway
2013-07-04,19,Norway
2013-07-05,20,Norway
2013-07-06,18,Norway
2013-07-07,15,Norway
2013-07-08,27,Norway
2013-07-09,25,Norway
2013-07-10,17,Norway
2013-07-11,23,Norway
2013-07-12,18,Norway
2013-07-13,8,Norway
2013-07-14,25,Norway
2013-07-15,20,Norway
2013-07-16,17,Norway
2013-07-17,22,Norway
2013-07-18,24,Norway
2013-07-19,17,Norway
2013-07-20,20,Norway
2013-07-21,15,Norway
2013-07-22,21,Norway
2013-07-23,19,Norway
2013-07-24,27,Norway
2013-07-25,22,Norway
2013-07-26,24,Norway
2013-07-27,23,Norway
2013-07-28,19,Norway
2013-07-29,30,Norway
2013-07-30,24,Norway
2013-07-31,27,Norway
2013-08-01,22,Norway
2013-08-02,22,Norway
2013-08-03,26,Norway
2013-08-04,21,Norway
2013-08-05,27,Norway
2013-08-06,35,Norway
2013-08-07,34,Norway
2013-08-08,29,Norway
2013-08-09,34,Norway
2013-08-10,26,Norway
2013-08-11,24,Norway
2013-08-12,31,Norway
2013-08-13,24,Norway
2013-08-14,29,Norway
2013-08-15,28,Norway
2013-08-16,32,Norway
2013-08-17,25,Norway
2013-08-18,29,Norway
2013-08-19,29,Norway
2013-08-20,32,Norway
2013-08-21,28,Norway
2013-08-22,26,Norway
2013-08-23,28,Norway
2013-08-24,41,Norway
2013-08-25,28,Norway
2013-08-26,26,Norway
2013-08-27,28,Norway
2013-08-28,29,Norway
2013-08-29,33,Norway
2013-08-30,29,Norway
2013-08-31,29,Norway
2013-09-01,20,Norway
2013-09-02,27,Norway
2013-09-03,26,Norway
2013-09-04,31,Norway
2013-09-05,26,Norway
2013-09-06,28,Norway
2013-09-07,28,Norway
2013-09-08,21,Norway
2013-09-09,29,Norway
2013-09-10,23,Norway
2013-09-11,26,Norway
2013-09-12,31,Norway
2013-09-13,29,Norway
2013-09-14,25,Norway
2013-09-15,32,Norway
2013-09-16,33,Norway
2013-09-17,26,Norway
2013-09-18,32,Norway
2013-09-19,25,Norway
2013-09-20,25,Norway
2013-09-21,32,Norway
2013-09-22,24,Norway
2013-09-23,27,Norway
2013-09-24,33,Norway
2013-09-25,22,Norway
2013-09-26,32,Norway
2013-09-27,34,Norway
2013-09-28,26,Norway
2013-09-29,30,Norway
2013-09-30,32,Norway
2013-10-01,29,Norway
2013-10-02,30,Norway
2013-10-03,36,Norway
2013-10-04,31,Norway
2013-10-05,38,Norway
2013-10-06,25,Norway
2013-10-07,31,Norway
2013-10-08,26,Norway
2013-10-09,27,Norway
2013-10-10,28,Norway
2013-10-11,32,Norway
2013-10-12,35,Norway
2013-10-13,28,Norway
2013-10-14,30,Norway
2013-10-15,39,Norway
2013-10-16,34,Norway
2013-10-17,32,Norway
2013-10-18,30,Norway
2013-10-19,35,Norway
2013-10-20,40,Norway
2013-10-21,36,Norway
2013-10-22,43,Norway
2013-10-23,31,Norway
2013-10-24,30,Norway
2013-10-25,31,Norway
2013-10-26,41,Norway
2013-10-27,37,Norway
2013-10-28,34,Norway
2013-10-29,46,Norway
2013-10-30,35,Norway
2013-10-31,30,Norway
2013-11-01,34,Norway
2013-11-02,36,Norway
2013-11-03,34,Norway
2013-11-04,33,Norway
2013-11-05,38,Norway
2013-11-06,39,Norway
2013-11-07,40,Norway
2013-11-08,40,Norway
2013-11-09,42,Norway
2013-11-10,34,Norway
2013-11-11,34,Norway
2013-11-12,42,Norway
2013-11-13,35,Norway
2013-11-14,37,Norway
2013-11-15,39,Norway
2013-11-16,37,Norway
2013-11-17,45,Norway
2013-11-18,40,Norway
2013-11-19,42,Norway
2013-11-20,39,Norway
2013-11-21,46,Norway
2013-11-22,46,Norway
2013-11-23,58,Norway
2013-11-24,50,Norway
2013-11-25,43,Norway
2013-11-26,44,Norway
2013-11-27,41,Norway
2013-11-28,36,Norway
2013-11-29,41,Norway
2013-11-30,50,Norway
2013-12-01,52,Norway
2013-12-02,47,Norway
2013-12-03,47,Norway
2013-12-04,47,Norway
2013-12-05,47,Norway
2013-12-06,42,Norway
2013-12-07,57,Norway
2013-12-08,86,Norway
2013-12-09,52,Norway
2013-12-10,51,Norway
2013-12-11,45,Norway
2013-12-12,45,Norway
2013-12-13,37,Norway
2013-12-14,72,Norway
2013-12-15,73,Norway
2013-12-16,37,Norway
2013-12-17,57,Norway
2013-12-18,43,Norway
2013-12-19,46,Norway
2013-12-20,46,Norway
2013-12-21,61,Norway
2013-12-22,77,Norway
2013-12-23,62,Norway
2013-12-24,69,Norway
2013-12-25,78,Norway
2013-12-26,86,Norway
2013-12-27,85,Norway
2013-12-28,92,Norway
2013-12-29,100,Norway
2013-12-30,76,Norway
2013-12-31,90,Norway
2014-01-01,78,Norway
2014-01-02,69,Norway
2014-01-03,81,Norway
2014-01-04,80,Norway
2014-01-05,100,Norway
2014-01-06,45,Norway
2014-01-07,39,Norway
2014-01-08,33,Norway
2014-01-09,36,Norway
2014-01-10,39,Norway
2014-01-11,49,Norway
2014-01-12,48,Norway
2014-01-13,39,Norway
2014-01-14,46,Norway
2014-01-15,45,Norway
2014-01-16,65,Norway
2014-01-17,53,Norway
2014-01-18,70,Norway
2014-01-19,72,Norway
2014-01-20,39,Norway
2014-01-21,45,Norway
2014-01-22,46,Norway
2014-01-23,44,Norway
2014-01-24,45,Norway
2014-01-25,51,Norway
2014-01-26,64,Norway
2014-01-27,48,Norway
2014-01-28,43,Norway
2014-01-29,39,Norway
2014-01-30,40,Norway
2014-01-31,45,Norway
2014-02-01,57,Norway
2014-02-02,44,Norway
2014-02-03,39,Norway
2014-02-04,40,Norway
2014-02-05,42,Norway
2014-02-06,36,Norway
2014-02-07,39,Norway
2014-02-08,48,Norway
2014-02-09,49,Norway
2014-02-10,43,Norway
2014-02-11,47,Norway
2014-02-12,40,Norway
2014-02-13,44,Norway
2014-02-14,41,Norway
2014-02-15,55,Norway
2014-02-16,53,Norway
2014-02-17,49,Norway
2014-02-18,46,Norway
2014-02-19,45,Norway
2014-02-20,47,Norway
2014-02-21,45,Norway
2014-02-22,58,Norway
2014-02-23,64,Norway
2014-02-24,38,Norway
2014-02-25,28,Norway
2014-02-26,30,Norway
2014-02-27,36,Norway
2014-02-28,34,Norway
2014-03-01,45,Norway
2014-03-02,41,Norway
2014-03-03,32,Norway
2014-03-04,36,Norway
2014-03-05,31,Norway
2014-03-06,38,Norway
2014-03-07,33,Norway
2014-03-08,41,Norway
2014-03-09,34,Norway
2014-03-10,34,Norway
2014-03-11,30,Norway
2014-03-12,33,Norway
2014-03-13,29,Norway
2014-03-14,38,Norway
2014-03-15,41,Norway
2014-03-16,35,Norway
2014-03-17,34,Norway
2014-03-18,28,Norway
2014-03-19,29,Norway
2014-03-20,30,Norway
2014-03-21,28,Norway
2014-03-22,33,Norway
2014-03-23,29,Norway
2014-03-24,26,Norway
2014-03-25,26,Norway
2014-03-26,28,Norway
2014-03-27,31,Norway
2014-03-28,30,Norway
2014-03-29,35,Norway
2014-03-30,21,Norway
2014-03-31,28,Norway
2014-04-01,25,Norway
2014-04-02,25,Norway
2014-04-03,26,Norway
2014-04-04,24,Norway
2014-04-05,29,Norway
2014-04-06,21,Norway
2014-04-07,26,Norway
2014-04-08,19,Norway
2014-04-09,21,Norway
2014-04-10,21,Norway
2014-04-11,23,Norway
2014-04-12,28,Norway
2014-04-13,25,Norway
2014-04-14,22,Norway
2014-04-15,30,Norway
2014-04-16,23,Norway
2014-04-17,27,Norway
2014-04-18,27,Norway
2014-04-19,25,Norway
2014-04-20,20,Norway
2014-04-21,18,Norway
2014-04-22,21,Norway
2014-04-23,20,Norway
2014-04-24,20,Norway
2014-04-25,16,Norway
2014-04-26,21,Norway
2014-04-27,20,Norway
2014-04-28,19,Norway
2014-04-29,16,Norway
2014-04-30,15,Norway
2014-05-01,16,Norway
2014-05-02,16,Norway
2014-05-03,13,Norway
2014-05-04,18,Norway
2014-05-05,18,Norway
2014-05-06,14,Norway
2014-05-07,15,Norway
2014-05-08,12,Norway
2014-05-09,14,Norway
2014-05-10,16,Norway
2014-05-11,18,Norway
2014-05-12,15,Norway
2014-05-13,15,Norway
2014-05-14,13,Norway
2014-05-15,14,Norway
2014-05-16,17,Norway
2014-05-17,10,Norway
2014-05-18,10,Norway
2014-05-19,19,Norway
2014-05-20,20,Norway
2014-05-21,14,Norway
2014-05-22,19,Norway
2014-05-23,14,Norway
2014-05-24,14,Norway
2014-05-25,16,Norway
2014-05-26,17,Norway
2014-05-27,16,Norway
2014-05-28,13,Norway
2014-05-29,14,Norway
2014-05-30,21,Norway
2014-05-31,14,Norway
2014-06-01,15,Norway
2014-06-02,15,Norway
2014-06-03,16,Norway
2014-06-04,17,Norway
2014-06-05,16,Norway
2014-06-06,16,Norway
2014-06-07,16,Norway
2014-06-08,14,Norway
2014-06-09,12,Norway
2014-06-10,16,Norway
2014-06-11,18,Norway
2014-06-12,16,Norway
2014-06-13,16,Norway
2014-06-14,19,Norway
2014-06-15,14,Norway
2014-06-16,17,Norway
2014-06-17,12,Norway
2014-06-18,14,Norway
2014-06-19,14,Norway
2014-06-20,16,Norway
2014-06-21,13,Norway
2014-06-22,10,Norway
2014-06-23,18,Norway
2014-06-24,18,Norway
2014-06-25,16,Norway
2014-06-26,16,Norway
2014-06-27,18,Norway
2014-06-28,14,Norway
2014-06-29,14,Norway
2014-06-30,22,Norway
2014-07-01,19,Norway
2014-07-02,20,Norway
2014-07-03,16,Norway
2014-07-04,18,Norway
2014-07-05,15,Norway
2014-07-06,16,Norway
2014-07-07,20,Norway
2014-07-08,20,Norway
2014-07-09,15,Norway
2014-07-10,16,Norway
2014-07-11,12,Norway
2014-07-12,15,Norway
2014-07-13,11,Norway
2014-07-14,21,Norway
2014-07-15,16,Norway
2014-07-16,13,Norway
2014-07-17,10,Norway
2014-07-18,12,Norway
2014-07-19,17,Norway
2014-07-20,13,Norway
2014-07-21,22,Norway
2014-07-22,14,Norway
2014-07-23,14,Norway
2014-07-24,16,Norway
2014-07-25,18,Norway
2014-07-26,18,Norway
2014-07-27,19,Norway
2014-07-28,18,Norway
2014-07-29,15,Norway
2014-07-30,18,Norway
2014-07-31,18,Norway
2014-08-01,21,Norway
2014-08-02,17,Norway
2014-08-03,21,Norway
2014-08-04,17,Norway
2014-08-05,24,Norway
2014-08-06,21,Norway
2014-08-07,23,Norway
2014-08-08,20,Norway
2014-08-09,20,Norway
2014-08-10,23,Norway
2014-08-11,19,Norway
2014-08-12,21,Norway
2014-08-13,25,Norway
2014-08-14,24,Norway
2014-08-15,27,Norway
2014-08-16,22,Norway
2014-08-17,33,Norway
2014-08-18,26,Norway
2014-08-19,21,Norway
2014-08-20,22,Norway
2014-08-21,18,Norway
2014-08-22,19,Norway
2014-08-23,32,Norway
2014-08-24,28,Norway
2014-08-25,20,Norway
2014-08-26,18,Norway
2014-08-27,21,Norway
2014-08-28,19,Norway
2014-08-29,16,Norway
2014-08-30,25,Norway
2014-08-31,20,Norway
2014-09-01,21,Norway
2014-09-02,24,Norway
2014-09-03,15,Norway
2014-09-04,20,Norway
2014-09-05,18,Norway
2014-09-06,22,Norway
2014-09-07,25,Norway
2014-09-08,20,Norway
2014-09-09,22,Norway
2014-09-10,25,Norway
2014-09-11,18,Norway
2014-09-12,20,Norway
2014-09-13,25,Norway
2014-09-14,18,Norway
2014-09-15,27,Norway
2014-09-16,22,Norway
2014-09-17,22,Norway
2014-09-18,19,Norway
2014-09-19,28,Norway
2014-09-20,16,Norway
2014-09-21,20,Norway
2014-09-22,24,Norway
2014-09-23,23,Norway
2014-09-24,22,Norway
2014-09-25,23,Norway
2014-09-26,20,Norway
2014-09-27,30,Norway
2014-09-28,20,Norway
2014-09-29,25,Norway
2014-09-30,26,Norway
2014-10-01,25,Norway
2014-10-02,22,Norway
2014-10-03,24,Norway
2014-10-04,28,Norway
2014-10-05,21,Norway
2014-10-06,22,Norway
2014-10-07,24,Norway
2014-10-08,22,Norway
2014-10-09,27,Norway
2014-10-10,28,Norway
2014-10-11,30,Norway
2014-10-12,17,Norway
2014-10-13,27,Norway
2014-10-14,22,Norway
2014-10-15,23,Norway
2014-10-16,26,Norway
2014-10-17,17,Norway
2014-10-18,31,Norway
2014-10-19,24,Norway
2014-10-20,21,Norway
2014-10-21,24,Norway
2014-10-22,21,Norway
2014-10-23,27,Norway
2014-10-24,23,Norway
2014-10-25,31,Norway
2014-10-26,30,Norway
2014-10-27,22,Norway
2014-10-28,27,Norway
2014-10-29,23,Norway
2014-10-30,23,Norway
2014-10-31,25,Norway
2014-11-01,28,Norway
2014-11-02,27,Norway
2014-11-03,23,Norway
2014-11-04,27,Norway
2014-11-05,29,Norway
2014-11-06,28,Norway
2014-11-07,28,Norway
2014-11-08,29,Norway
2014-11-09,27,Norway
2014-11-10,22,Norway
2014-11-11,23,Norway
2014-11-12,26,Norway
2014-11-13,19,Norway
2014-11-14,33,Norway
2014-11-15,25,Norway
2014-11-16,34,Norway
2014-11-17,27,Norway
2014-11-18,31,Norway
2014-11-19,31,Norway
2014-11-20,32,Norway
2014-11-21,36,Norway
2014-11-22,38,Norway
2014-11-23,33,Norway
2014-11-24,31,Norway
2014-11-25,30,Norway
2014-11-26,30,Norway
2014-11-27,32,Norway
2014-11-28,36,Norway
2014-11-29,32,Norway
2014-11-30,40,Norway
2014-12-01,27,Norway
2014-12-02,32,Norway
2014-12-03,28,Norway
2014-12-04,35,Norway
2014-12-05,34,Norway
2014-12-06,46,Norway
2014-12-07,46,Norway
2014-12-08,36,Norway
2014-12-09,34,Norway
2014-12-10,28,Norway
2014-12-11,30,Norway
2014-12-12,30,Norway
2014-12-13,49,Norway
2014-12-14,46,Norway
2014-12-15,39,Norway
2014-12-16,40,Norway
2014-12-17,44,Norway
2014-12-18,40,Norway
2014-12-19,41,Norway
2014-12-20,54,Norway
2014-12-21,61,Norway
2014-12-22,53,Norway
2014-12-23,36,Norway
2014-12-24,46,Norway
2014-12-25,67,Norway
2014-12-26,67,Norway
2014-12-27,100,Norway
2014-12-28,88,Norway
2014-12-29,85,Norway
2014-12-30,60,Norway
2014-12-31,43,Norway
2015-01-01,40,Norway
2015-01-02,47,Norway
2015-01-03,67,Norway
2015-01-04,74,Norway
2015-01-05,47,Norway
2015-01-06,72,Norway
2015-01-07,66,Norway
2015-01-08,67,Norway
2015-01-09,53,Norway
2015-01-10,84,Norway
2015-01-11,100,Norway
2015-01-12,37,Norway
2015-01-13,34,Norway
2015-01-14,35,Norway
2015-01-15,38,Norway
2015-01-16,27,Norway
2015-01-17,41,Norway
2015-01-18,44,Norway
2015-01-19,36,Norway
2015-01-20,36,Norway
2015-01-21,37,Norway
2015-01-22,40,Norway
2015-01-23,43,Norway
2015-01-24,52,Norway
2015-01-25,56,Norway
2015-01-26,39,Norway
2015-01-27,33,Norway
2015-01-28,35,Norway
2015-01-29,47,Norway
2015-01-30,41,Norway
2015-01-31,57,Norway
2015-02-01,60,Norway
2015-02-02,37,Norway
2015-02-03,36,Norway
2015-02-04,39,Norway
2015-02-05,33,Norway
2015-02-06,38,Norway
2015-02-07,34,Norway
2015-02-08,36,Norway
2015-02-09,37,Norway
2015-02-10,40,Norway
2015-02-11,32,Norway
2015-02-12,32,Norway
2015-02-13,38,Norway
2015-02-14,45,Norway
2015-02-15,47,Norway
2015-02-16,38,Norway
2015-02-17,45,Norway
2015-02-18,63,Norway
2015-02-19,63,Norway
2015-02-20,52,Norway
2015-02-21,65,Norway
2015-02-22,73,Norway
2015-02-23,45,Norway
2015-02-24,54,Norway
2015-02-25,52,Norway
2015-02-26,52,Norway
2015-02-27,51,Norway
2015-02-28,72,Norway
2015-03-01,61,Norway
2015-03-02,37,Norway
2015-03-03,29,Norway
2015-03-04,26,Norway
2015-03-05,29,Norway
2015-03-06,32,Norway
2015-03-07,37,Norway
2015-03-08,32,Norway
2015-03-09,31,Norway
2015-03-10,20,Norway
2015-03-11,32,Norway
2015-03-12,23,Norway
2015-03-13,28,Norway
2015-03-14,40,Norway
2015-03-15,31,Norway
2015-03-16,33,Norway
2015-03-17,22,Norway
2015-03-18,22,Norway
2015-03-19,21,Norway
2015-03-20,29,Norway
2015-03-21,39,Norway
2015-03-22,24,Norway
2015-03-23,24,Norway
2015-03-24,25,Norway
2015-03-25,30,Norway
2015-03-26,25,Norway
2015-03-27,26,Norway
2015-03-28,31,Norway
2015-03-29,26,Norway
2015-03-30,28,Norway
2015-03-31,27,Norway
2015-04-01,32,Norway
2015-04-02,31,Norway
2015-04-03,33,Norway
2015-04-04,26,Norway
2015-04-05,30,Norway
2015-04-06,28,Norway
2015-04-07,25,Norway
2015-04-08,21,Norway
2015-04-09,17,Norway
2015-04-10,21,Norway
2015-04-11,25,Norway
2015-04-12,17,Norway
2015-04-13,17,Norway
2015-04-14,15,Norway
2015-04-15,15,Norway
2015-04-16,20,Norway
2015-04-17,19,Norway
2015-04-18,14,Norway
2015-04-19,13,Norway
2015-04-20,22,Norway
2015-04-21,15,Norway
2015-04-22,14,Norway
2015-04-23,11,Norway
2015-04-24,15,Norway
2015-04-25,17,Norway
2015-04-26,15,Norway
2015-04-27,16,Norway
2015-04-28,11,Norway
2015-04-29,10,Norway
2015-04-30,14,Norway
2015-05-01,9,Norway
2015-05-02,16,Norway
2015-05-03,11,Norway
2015-05-04,13,Norway
2015-05-05,13,Norway
2015-05-06,10,Norway
2015-05-07,13,Norway
2015-05-08,14,Norway
2015-05-09,15,Norway
2015-05-10,13,Norway
2015-05-11,12,Norway
2015-05-12,16,Norway
2015-05-13,13,Norway
2015-05-14,11,Norway
2015-05-15,17,Norway
2015-05-16,12,Norway
2015-05-17,15,Norway
2015-05-18,14,Norway
2015-05-19,12,Norway
2015-05-20,15,Norway
2015-05-21,13,Norway
2015-05-22,10,Norway
2015-05-23,13,Norway
2015-05-24,11,Norway
2015-05-25,10,Norway
2015-05-26,13,Norway
2015-05-27,12,Norway
2015-05-28,12,Norway
2015-05-29,14,Norway
2015-05-30,17,Norway
2015-05-31,12,Norway
2015-06-01,13,Norway
2015-06-02,10,Norway
2015-06-03,14,Norway
2015-06-04,13,Norway
2015-06-05,10,Norway
2015-06-06,12,Norway
2015-06-07,12,Norway
2015-06-08,15,Norway
2015-06-09,11,Norway
2015-06-10,11,Norway
2015-06-11,15,Norway
2015-06-12,12,Norway
2015-06-13,8,Norway
2015-06-14,13,Norway
2015-06-15,15,Norway
2015-06-16,12,Norway
2015-06-17,9,Norway
2015-06-18,15,Norway
2015-06-19,13,Norway
2015-06-20,15,Norway
2015-06-21,12,Norway
2015-06-22,21,Norway
2015-06-23,15,Norway
2015-06-24,17,Norway
2015-06-25,14,Norway
2015-06-26,14,Norway
2015-06-27,18,Norway
2015-06-28,11,Norway
2015-06-29,14,Norway
2015-06-30,13,Norway
2015-07-01,27,Norway
2015-07-02,30,Norway
2015-07-03,25,Norway
2015-07-04,16,Norway
2015-07-05,18,Norway
2015-07-06,24,Norway
2015-07-07,30,Norway
2015-07-08,20,Norway
2015-07-09,17,Norway
2015-07-10,17,Norway
2015-07-11,20,Norway
2015-07-12,14,Norway
2015-07-13,33,Norway
2015-07-14,29,Norway
2015-07-15,25,Norway
2015-07-16,27,Norway
2015-07-17,21,Norway
2015-07-18,20,Norway
2015-07-19,22,Norway
2015-07-20,27,Norway
2015-07-21,29,Norway
2015-07-22,20,Norway
2015-07-23,24,Norway
2015-07-24,25,Norway
2015-07-25,26,Norway
2015-07-26,30,Norway
2015-07-27,27,Norway
2015-07-28,23,Norway
2015-07-29,24,Norway
2015-07-30,25,Norway
2015-07-31,28,Norway
2015-08-01,34,Norway
2015-08-02,24,Norway
2015-08-03,33,Norway
2015-08-04,33,Norway
2015-08-05,31,Norway
2015-08-06,27,Norway
2015-08-07,40,Norway
2015-08-08,30,Norway
2015-08-09,23,Norway
2015-08-10,33,Norway
2015-08-11,26,Norway
2015-08-12,31,Norway
2015-08-13,27,Norway
2015-08-14,28,Norway
2015-08-15,31,Norway
2015-08-16,34,Norway
2015-08-17,31,Norway
2015-08-18,30,Norway
2015-08-19,29,Norway
2015-08-20,31,Norway
2015-08-21,39,Norway
2015-08-22,32,Norway
2015-08-23,32,Norway
2015-08-24,27,Norway
2015-08-25,29,Norway
2015-08-26,32,Norway
2015-08-27,31,Norway
2015-08-28,26,Norway
2015-08-29,34,Norway
2015-08-30,28,Norway
2015-08-31,24,Norway
2015-09-01,25,Norway
2015-09-02,32,Norway
2015-09-03,32,Norway
2015-09-04,27,Norway
2015-09-05,36,Norway
2015-09-06,23,Norway
2015-09-07,29,Norway
2015-09-08,31,Norway
2015-09-09,30,Norway
2015-09-10,26,Norway
2015-09-11,29,Norway
2015-09-12,37,Norway
2015-09-13,39,Norway
2015-09-14,30,Norway
2015-09-15,30,Norway
2015-09-16,30,Norway
2015-09-17,31,Norway
2015-09-18,26,Norway
2015-09-19,28,Norway
2015-09-20,33,Norway
2015-09-21,29,Norway
2015-09-22,34,Norway
2015-09-23,33,Norway
2015-09-24,37,Norway
2015-09-25,35,Norway
2015-09-26,41,Norway
2015-09-27,35,Norway
2015-09-28,35,Norway
2015-09-29,29,Norway
2015-09-30,34,Norway
2015-10-01,33,Norway
2015-10-02,34,Norway
2015-10-03,32,Norway
2015-10-04,28,Norway
2015-10-05,37,Norway
2015-10-06,34,Norway
2015-10-07,31,Norway
2015-10-08,30,Norway
2015-10-09,32,Norway
2015-10-10,45,Norway
2015-10-11,31,Norway
2015-10-12,35,Norway
2015-10-13,36,Norway
2015-10-14,33,Norway
2015-10-15,31,Norway
2015-10-16,39,Norway
2015-10-17,34,Norway
2015-10-18,34,Norway
2015-10-19,32,Norway
2015-10-20,35,Norway
2015-10-21,27,Norway
2015-10-22,32,Norway
2015-10-23,37,Norway
2015-10-24,33,Norway
2015-10-25,32,Norway
2015-10-26,33,Norway
2015-10-27,31,Norway
2015-10-28,34,Norway
2015-10-29,33,Norway
2015-10-30,27,Norway
2015-10-31,37,Norway
2015-11-01,39,Norway
2015-11-02,38,Norway
2015-11-03,31,Norway
2015-11-04,29,Norway
2015-11-05,31,Norway
2015-11-06,37,Norway
2015-11-07,43,Norway
2015-11-08,37,Norway
2015-11-09,42,Norway
2015-11-10,32,Norway
2015-11-11,34,Norway
2015-11-12,32,Norway
2015-11-13,35,Norway
2015-11-14,38,Norway
2015-11-15,45,Norway
2015-11-16,45,Norway
2015-11-17,36,Norway
2015-11-18,46,Norway
2015-11-19,37,Norway
2015-11-20,49,Norway
2015-11-21,52,Norway
2015-11-22,54,Norway
2015-11-23,44,Norway
2015-11-24,41,Norway
2015-11-25,36,Norway
2015-11-26,46,Norway
2015-11-27,45,Norway
2015-11-28,49,Norway
2015-11-29,64,Norway
2015-11-30,46,Norway
2015-12-01,39,Norway
2015-12-02,38,Norway
2015-12-03,43,Norway
2015-12-04,41,Norway
2015-12-05,66,Norway
2015-12-06,76,Norway
2015-12-07,57,Norway
2015-12-08,43,Norway
2015-12-09,44,Norway
2015-12-10,42,Norway
2015-12-11,42,Norway
2015-12-12,58,Norway
2015-12-13,58,Norway
2015-12-14,41,Norway
2015-12-15,44,Norway
2015-12-16,52,Norway
2015-12-17,43,Norway
2015-12-18,55,Norway
2015-12-19,73,Norway
2015-12-20,69,Norway
2015-12-21,56,Norway
2015-12-22,68,Norway
2015-12-23,47,Norway
2015-12-24,42,Norway
2015-12-25,69,Norway
2015-12-26,78,Norway
2015-12-27,93,Norway
2015-12-28,100,Norway
2015-12-29,82,Norway
2015-12-30,71,Norway
2015-12-31,71,Norway
2016-01-01,64,Norway
2016-01-02,61,Norway
2016-01-03,69,Norway
2016-01-04,42,Norway
2016-01-05,65,Norway
2016-01-06,54,Norway
2016-01-07,44,Norway
2016-01-08,57,Norway
2016-01-09,80,Norway
2016-01-10,100,Norway
2016-01-11,31,Norway
2016-01-12,28,Norway
2016-01-13,28,Norway
2016-01-14,28,Norway
2016-01-15,30,Norway
2016-01-16,41,Norway
2016-01-17,35,Norway
2016-01-18,32,Norway
2016-01-19,28,Norway
2016-01-20,28,Norway
2016-01-21,29,Norway
2016-01-22,24,Norway
2016-01-23,43,Norway
2016-01-24,36,Norway
2016-01-25,31,Norway
2016-01-26,28,Norway
2016-01-27,28,Norway
2016-01-28,30,Norway
2016-01-29,29,Norway
2016-01-30,41,Norway
2016-01-31,42,Norway
2016-02-01,21,Norway
2016-02-02,23,Norway
2016-02-03,23,Norway
2016-02-04,23,Norway
2016-02-05,22,Norway
2016-02-06,33,Norway
2016-02-07,29,Norway
2016-02-08,22,Norway
2016-02-09,22,Norway
2016-02-10,20,Norway
2016-02-11,23,Norway
2016-02-12,26,Norway
2016-02-13,29,Norway
2016-02-14,33,Norway
2016-02-15,26,Norway
2016-02-16,23,Norway
2016-02-17,21,Norway
2016-02-18,25,Norway
2016-02-19,25,Norway
2016-02-20,29,Norway
2016-02-21,33,Norway
2016-02-22,24,Norway
2016-02-23,27,Norway
2016-02-24,25,Norway
2016-02-25,25,Norway
2016-02-26,29,Norway
2016-02-27,33,Norway
2016-02-28,32,Norway
2016-02-29,26,Norway
2016-03-01,26,Norway
2016-03-02,29,Norway
2016-03-03,27,Norway
2016-03-04,31,Norway
2016-03-05,37,Norway
2016-03-06,35,Norway
2016-03-07,29,Norway
2016-03-08,29,Norway
2016-03-09,30,Norway
2016-03-10,24,Norway
2016-03-11,28,Norway
2016-03-12,40,Norway
2016-03-13,28,Norway
2016-03-14,22,Norway
2016-03-15,24,Norway
2016-03-16,23,Norway
2016-03-17,23,Norway
2016-03-18,22,Norway
2016-03-19,26,Norway
2016-03-20,29,Norway
2016-03-21,25,Norway
2016-03-22,27,Norway
2016-03-23,28,Norway
2016-03-24,23,Norway
2016-03-25,26,Norway
2016-03-26,28,Norway
2016-03-27,23,Norway
2016-03-28,22,Norway
2016-03-29,22,Norway
2016-03-30,18,Norway
2016-03-31,16,Norway
2016-04-01,19,Norway
2016-04-02,24,Norway
2016-04-03,18,Norway
2016-04-04,15,Norway
2016-04-05,14,Norway
2016-04-06,11,Norway
2016-04-07,15,Norway
2016-04-08,17,Norway
2016-04-09,15,Norway
2016-04-10,11,Norway
2016-04-11,14,Norway
2016-04-12,12,Norway
2016-04-13,14,Norway
2016-04-14,12,Norway
2016-04-15,14,Norway
2016-04-16,16,Norway
2016-04-17,14,Norway
2016-04-18,12,Norway
2016-04-19,10,Norway
2016-04-20,13,Norway
2016-04-21,11,Norway
2016-04-22,13,Norway
2016-04-23,12,Norway
2016-04-24,11,Norway
2016-04-25,15,Norway
2016-04-26,11,Norway
2016-04-27,13,Norway
2016-04-28,10,Norway
2016-04-29,10,Norway
2016-04-30,13,Norway
2016-05-01,12,Norway
2016-05-02,13,Norway
2016-05-03,11,Norway
2016-05-04,11,Norway
2016-05-05,11,Norway
2016-05-06,13,Norway
2016-05-07,8,Norway
2016-05-08,10,Norway
2016-05-09,10,Norway
2016-05-10,8,Norway
2016-05-11,11,Norway
2016-05-12,13,Norway
2016-05-13,12,Norway
2016-05-14,13,Norway
2016-05-15,8,Norway
2016-05-16,7,Norway
2016-05-17,14,Norway
2016-05-18,11,Norway
2016-05-19,11,Norway
2016-05-20,12,Norway
2016-05-21,12,Norway
2016-05-22,9,Norway
2016-05-23,10,Norway
2016-05-24,9,Norway
2016-05-25,11,Norway
2016-05-26,8,Norway
2016-05-27,13,Norway
2016-05-28,11,Norway
2016-05-29,12,Norway
2016-05-30,10,Norway
2016-05-31,11,Norway
2016-06-01,11,Norway
2016-06-02,12,Norway
2016-06-03,11,Norway
2016-06-04,11,Norway
2016-06-05,8,Norway
2016-06-06,11,Norway
2016-06-07,13,Norway
2016-06-08,11,Norway
2016-06-09,13,Norway
2016-06-10,10,Norway
2016-06-11,13,Norway
2016-06-12,10,Norway
2016-06-13,11,Norway
2016-06-14,9,Norway
2016-06-15,10,Norway
2016-06-16,9,Norway
2016-06-17,12,Norway
2016-06-18,9,Norway
2016-06-19,8,Norway
2016-06-20,10,Norway
2016-06-21,11,Norway
2016-06-22,14,Norway
2016-06-23,11,Norway
2016-06-24,12,Norway
2016-06-25,12,Norway
2016-06-26,13,Norway
2016-06-27,13,Norway
2016-06-28,15,Norway
2016-06-29,14,Norway
2016-06-30,12,Norway
2016-07-01,29,Norway
2016-07-02,29,Norway
2016-07-03,28,Norway
2016-07-04,30,Norway
2016-07-05,26,Norway
2016-07-06,27,Norway
2016-07-07,25,Norway
2016-07-08,28,Norway
2016-07-09,30,Norway
2016-07-10,26,Norway
2016-07-11,31,Norway
2016-07-12,32,Norway
2016-07-13,21,Norway
2016-07-14,30,Norway
2016-07-15,29,Norway
2016-07-16,27,Norway
2016-07-17,22,Norway
2016-07-18,30,Norway
2016-07-19,23,Norway
2016-07-20,69,Norway
2016-07-21,26,Norway
2016-07-22,29,Norway
2016-07-23,21,Norway
2016-07-24,20,Norway
2016-07-25,32,Norway
2016-07-26,24,Norway
2016-07-27,35,Norway
2016-07-28,29,Norway
2016-07-29,34,Norway
2016-07-30,24,Norway
2016-07-31,29,Norway
2016-08-01,30,Norway
2016-08-02,34,Norway
2016-08-03,31,Norway
2016-08-04,35,Norway
2016-08-05,33,Norway
2016-08-06,32,Norway
2016-08-07,27,Norway
2016-08-08,29,Norway
2016-08-09,32,Norway
2016-08-10,31,Norway
2016-08-11,33,Norway
2016-08-12,32,Norway
2016-08-13,29,Norway
2016-08-14,24,Norway
2016-08-15,37,Norway
2016-08-16,33,Norway
2016-08-17,28,Norway
2016-08-18,28,Norway
2016-08-19,38,Norway
2016-08-20,40,Norway
2016-08-21,33,Norway
2016-08-22,35,Norway
2016-08-23,34,Norway
2016-08-24,38,Norway
2016-08-25,34,Norway
2016-08-26,34,Norway
2016-08-27,27,Norway
2016-08-28,30,Norway
2016-08-29,22,Norway
2016-08-30,26,Norway
2016-08-31,30,Norway
2016-09-01,25,Norway
2016-09-02,32,Norway
2016-09-03,30,Norway
2016-09-04,35,Norway
2016-09-05,30,Norway
2016-09-06,27,Norway
2016-09-07,33,Norway
2016-09-08,26,Norway
2016-09-09,29,Norway
2016-09-10,43,Norway
2016-09-11,28,Norway
2016-09-12,35,Norway
2016-09-13,32,Norway
2016-09-14,28,Norway
2016-09-15,30,Norway
2016-09-16,24,Norway
2016-09-17,42,Norway
2016-09-18,30,Norway
2016-09-19,35,Norway
2016-09-20,29,Norway
2016-09-21,32,Norway
2016-09-22,35,Norway
2016-09-23,36,Norway
2016-09-24,39,Norway
2016-09-25,36,Norway
2016-09-26,40,Norway
2016-09-27,28,Norway
2016-09-28,26,Norway
2016-09-29,41,Norway
2016-09-30,32,Norway
2016-10-01,37,Norway
2016-10-02,29,Norway
2016-10-03,32,Norway
2016-10-04,33,Norway
2016-10-05,36,Norway
2016-10-06,43,Norway
2016-10-07,32,Norway
2016-10-08,43,Norway
2016-10-09,45,Norway
2016-10-10,38,Norway
2016-10-11,42,Norway
2016-10-12,45,Norway
2016-10-13,44,Norway
2016-10-14,39,Norway
2016-10-15,39,Norway
2016-10-16,53,Norway
2016-10-17,39,Norway
2016-10-18,33,Norway
2016-10-19,41,Norway
2016-10-20,40,Norway
2016-10-21,42,Norway
2016-10-22,43,Norway
2016-10-23,37,Norway
2016-10-24,38,Norway
2016-10-25,38,Norway
2016-10-26,42,Norway
2016-10-27,46,Norway
2016-10-28,36,Norway
2016-10-29,38,Norway
2016-10-30,30,Norway
2016-10-31,45,Norway
2016-11-01,40,Norway
2016-11-02,43,Norway
2016-11-03,56,Norway
2016-11-04,43,Norway
2016-11-05,55,Norway
2016-11-06,60,Norway
2016-11-07,46,Norway
2016-11-08,57,Norway
2016-11-09,50,Norway
2016-11-10,44,Norway
2016-11-11,40,Norway
2016-11-12,61,Norway
2016-11-13,57,Norway
2016-11-14,55,Norway
2016-11-15,46,Norway
2016-11-16,43,Norway
2016-11-17,50,Norway
2016-11-18,57,Norway
2016-11-19,50,Norway
2016-11-20,59,Norway
2016-11-21,43,Norway
2016-11-22,47,Norway
2016-11-23,38,Norway
2016-11-24,54,Norway
2016-11-25,52,Norway
2016-11-26,52,Norway
2016-11-27,57,Norway
2016-11-28,55,Norway
2016-11-29,49,Norway
2016-11-30,45,Norway
2016-12-01,52,Norway
2016-12-02,47,Norway
2016-12-03,70,Norway
2016-12-04,64,Norway
2016-12-05,39,Norway
2016-12-06,42,Norway
2016-12-07,48,Norway
2016-12-08,35,Norway
2016-12-09,44,Norway
2016-12-10,54,Norway
2016-12-11,58,Norway
2016-12-12,43,Norway
2016-12-13,55,Norway
2016-12-14,57,Norway
2016-12-15,54,Norway
2016-12-16,39,Norway
2016-12-17,71,Norway
2016-12-18,74,Norway
2016-12-19,56,Norway
2016-12-20,46,Norway
2016-12-21,61,Norway
2016-12-22,59,Norway
2016-12-23,60,Norway
2016-12-24,57,Norway
2016-12-25,79,Norway
2016-12-26,82,Norway
2016-12-27,88,Norway
2016-12-28,91,Norway
2016-12-29,87,Norway
2016-12-30,84,Norway
2016-12-31,100,Norway
2017-01-01,83,Norway
2017-01-02,50,Norway
2017-01-03,58,Norway
2017-01-04,61,Norway
2017-01-05,47,Norway
2017-01-06,65,Norway
2017-01-07,73,Norway
2017-01-08,96,Norway
2017-01-09,34,Norway
2017-01-10,31,Norway
2017-01-11,31,Norway
2017-01-12,32,Norway
2017-01-13,38,Norway
2017-01-14,54,Norway
2017-01-15,49,Norway
2017-01-16,37,Norway
2017-01-17,34,Norway
2017-01-18,30,Norway
2017-01-19,26,Norway
2017-01-20,32,Norway
2017-01-21,43,Norway
2017-01-22,42,Norway
2017-01-23,31,Norway
2017-01-24,29,Norway
2017-01-25,26,Norway
2017-01-26,26,Norway
2017-01-27,34,Norway
2017-01-28,42,Norway
2017-01-29,46,Norway
2017-01-30,32,Norway
2017-01-31,30,Norway
2017-02-01,31,Norway
2017-02-02,41,Norway
2017-02-03,40,Norway
2017-02-04,52,Norway
2017-02-05,66,Norway
2017-02-06,37,Norway
2017-02-07,30,Norway
2017-02-08,35,Norway
2017-02-09,34,Norway
2017-02-10,38,Norway
2017-02-11,54,Norway
2017-02-12,38,Norway
2017-02-13,44,Norway
2017-02-14,42,Norway
2017-02-15,34,Norway
2017-02-16,34,Norway
2017-02-17,38,Norway
2017-02-18,45,Norway
2017-02-19,52,Norway
2017-02-20,43,Norway
2017-02-21,46,Norway
2017-02-22,73,Norway
2017-02-23,87,Norway
2017-02-24,77,Norway
2017-02-25,100,Norway
2017-02-26,98,Norway
2017-02-27,62,Norway
2017-02-28,66,Norway
2017-03-01,68,Norway
2017-03-02,56,Norway
2017-03-03,70,Norway
2017-03-04,77,Norway
2017-03-05,76,Norway
2017-03-06,34,Norway
2017-03-07,33,Norway
2017-03-08,33,Norway
2017-03-09,37,Norway
2017-03-10,40,Norway
2017-03-11,48,Norway
2017-03-12,41,Norway
2017-03-13,28,Norway
2017-03-14,22,Norway
2017-03-15,23,Norway
2017-03-16,29,Norway
2017-03-17,36,Norway
2017-03-18,38,Norway
2017-03-19,36,Norway
2017-03-20,30,Norway
2017-03-21,24,Norway
2017-03-22,23,Norway
2017-03-23,26,Norway
2017-03-24,28,Norway
2017-03-25,32,Norway
2017-03-26,24,Norway
2017-03-27,24,Norway
2017-03-28,22,Norway
2017-03-29,22,Norway
2017-03-30,25,Norway
2017-03-31,28,Norway
2017-04-01,41,Norway
2017-04-02,26,Norway
2017-04-03,19,Norway
2017-04-04,19,Norway
2017-04-05,22,Norway
2017-04-06,21,Norway
2017-04-07,27,Norway
2017-04-08,30,Norway
2017-04-09,24,Norway
2017-04-10,25,Norway
2017-04-11,26,Norway
2017-04-12,29,Norway
2017-04-13,28,Norway
2017-04-14,31,Norway
2017-04-15,33,Norway
2017-04-16,29,Norway
2017-04-17,23,Norway
2017-04-18,25,Norway
2017-04-19,17,Norway
2017-04-20,20,Norway
2017-04-21,21,Norway
2017-04-22,21,Norway
2017-04-23,19,Norway
2017-04-24,20,Norway
2017-04-25,18,Norway
2017-04-26,18,Norway
2017-04-27,21,Norway
2017-04-28,18,Norway
2017-04-29,22,Norway
2017-04-30,20,Norway
2017-05-01,16,Norway
2017-05-02,15,Norway
2017-05-03,19,Norway
2017-05-04,15,Norway
2017-05-05,17,Norway
2017-05-06,16,Norway
2017-05-07,13,Norway
2017-05-08,15,Norway
2017-05-09,15,Norway
2017-05-10,18,Norway
2017-05-11,18,Norway
2017-05-12,14,Norway
2017-05-13,19,Norway
2017-05-14,14,Norway
2017-05-15,18,Norway
2017-05-16,16,Norway
2017-05-17,19,Norway
2017-05-18,15,Norway
2017-05-19,16,Norway
2017-05-20,16,Norway
2017-05-21,11,Norway
2017-05-22,14,Norway
2017-05-23,15,Norway
2017-05-24,16,Norway
2017-05-25,14,Norway
2017-05-26,15,Norway
2017-05-27,13,Norway
2017-05-28,14,Norway
2017-05-29,15,Norway
2017-05-30,10,Norway
2017-05-31,15,Norway
2017-06-01,14,Norway
2017-06-02,16,Norway
2017-06-03,20,Norway
2017-06-04,15,Norway
2017-06-05,13,Norway
2017-06-06,14,Norway
2017-06-07,18,Norway
2017-06-08,18,Norway
2017-06-09,20,Norway
2017-06-10,19,Norway
2017-06-11,14,Norway
2017-06-12,15,Norway
2017-06-13,15,Norway
2017-06-14,13,Norway
2017-06-15,14,Norway
2017-06-16,16,Norway
2017-06-17,16,Norway
2017-06-18,12,Norway
2017-06-19,16,Norway
2017-06-20,12,Norway
2017-06-21,18,Norway
2017-06-22,15,Norway
2017-06-23,18,Norway
2017-06-24,13,Norway
2017-06-25,11,Norway
2017-06-26,20,Norway
2017-06-27,13,Norway
2017-06-28,11,Norway
2017-06-29,19,Norway
2017-06-30,17,Norway
2017-07-01,15,Norway
2017-07-02,17,Norway
2017-07-03,17,Norway
2017-07-04,15,Norway
2017-07-05,18,Norway
2017-07-06,16,Norway
2017-07-07,22,Norway
2017-07-08,12,Norway
2017-07-09,14,Norway
2017-07-10,17,Norway
2017-07-11,18,Norway
2017-07-12,16,Norway
2017-07-13,14,Norway
2017-07-14,17,Norway
2017-07-15,15,Norway
2017-07-16,12,Norway
2017-07-17,15,Norway
2017-07-18,16,Norway
2017-07-19,13,Norway
2017-07-20,10,Norway
2017-07-21,16,Norway
2017-07-22,9,Norway
2017-07-23,14,Norway
2017-07-24,17,Norway
2017-07-25,21,Norway
2017-07-26,18,Norway
2017-07-27,14,Norway
2017-07-28,17,Norway
2017-07-29,16,Norway
2017-07-30,18,Norway
2017-07-31,16,Norway
2017-08-01,14,Norway
2017-08-02,18,Norway
2017-08-03,21,Norway
2017-08-04,18,Norway
2017-08-05,18,Norway
2017-08-06,14,Norway
2017-08-07,21,Norway
2017-08-08,21,Norway
2017-08-09,23,Norway
2017-08-10,17,Norway
2017-08-11,18,Norway
2017-08-12,18,Norway
2017-08-13,13,Norway
2017-08-14,23,Norway
2017-08-15,21,Norway
2017-08-16,18,Norway
2017-08-17,20,Norway
2017-08-18,26,Norway
2017-08-19,18,Norway
2017-08-20,19,Norway
2017-08-21,23,Norway
2017-08-22,15,Norway
2017-08-23,20,Norway
2017-08-24,20,Norway
2017-08-25,21,Norway
2017-08-26,15,Norway
2017-08-27,16,Norway
2017-08-28,19,Norway
2017-08-29,17,Norway
2017-08-30,23,Norway
2017-08-31,23,Norway
2017-09-01,22,Norway
2017-09-02,20,Norway
2017-09-03,14,Norway
2017-09-04,17,Norway
2017-09-05,18,Norway
2017-09-06,17,Norway
2017-09-07,19,Norway
2017-09-08,19,Norway
2017-09-09,20,Norway
2017-09-10,18,Norway
2017-09-11,19,Norway
2017-09-12,16,Norway
2017-09-13,16,Norway
2017-09-14,16,Norway
2017-09-15,15,Norway
2017-09-16,19,Norway
2017-09-17,17,Norway
2017-09-18,16,Norway
2017-09-19,18,Norway
2017-09-20,17,Norway
2017-09-21,18,Norway
2017-09-22,22,Norway
2017-09-23,21,Norway
2017-09-24,18,Norway
2017-09-25,15,Norway
2017-09-26,18,Norway
2017-09-27,18,Norway
2017-09-28,19,Norway
2017-09-29,16,Norway
2017-09-30,22,Norway
2017-10-01,18,Norway
2017-10-02,19,Norway
2017-10-03,23,Norway
2017-10-04,22,Norway
2017-10-05,21,Norway
2017-10-06,22,Norway
2017-10-07,21,Norway
2017-10-08,19,Norway
2017-10-09,27,Norway
2017-10-10,24,Norway
2017-10-11,18,Norway
2017-10-12,19,Norway
2017-10-13,20,Norway
2017-10-14,26,Norway
2017-10-15,23,Norway
2017-10-16,20,Norway
2017-10-17,17,Norway
2017-10-18,15,Norway
2017-10-19,21,Norway
2017-10-20,19,Norway
2017-10-21,27,Norway
2017-10-22,24,Norway
2017-10-23,25,Norway
2017-10-24,23,Norway
2017-10-25,24,Norway
2017-10-26,22,Norway
2017-10-27,25,Norway
2017-10-28,27,Norway
2017-10-29,21,Norway
2017-10-30,21,Norway
2017-10-31,22,Norway
2017-11-01,24,Norway
2017-11-02,22,Norway
2017-11-03,23,Norway
2017-11-04,27,Norway
2017-11-05,18,Norway
2017-11-06,23,Norway
2017-11-07,26,Norway
2017-11-08,26,Norway
2017-11-09,20,Norway
2017-11-10,25,Norway
2017-11-11,29,Norway
2017-11-12,27,Norway
2017-11-13,25,Norway
2017-11-14,23,Norway
2017-11-15,27,Norway
2017-11-16,20,Norway
2017-11-17,26,Norway
2017-11-18,29,Norway
2017-11-19,36,Norway
2017-11-20,38,Norway
2017-11-21,31,Norway
2017-11-22,28,Norway
2017-11-23,27,Norway
2017-11-24,45,Norway
2017-11-25,41,Norway
2017-11-26,41,Norway
2017-11-27,27,Norway
2017-11-28,28,Norway
2017-11-29,34,Norway
2017-11-30,32,Norway
2017-12-01,24,Norway
2017-12-02,38,Norway
2017-12-03,41,Norway
2017-12-04,35,Norway
2017-12-05,28,Norway
2017-12-06,28,Norway
2017-12-07,26,Norway
2017-12-08,31,Norway
2017-12-09,40,Norway
2017-12-10,42,Norway
2017-12-11,30,Norway
2017-12-12,28,Norway
2017-12-13,30,Norway
2017-12-14,35,Norway
2017-12-15,33,Norway
2017-12-16,45,Norway
2017-12-17,48,Norway
2017-12-18,30,Norway
2017-12-19,34,Norway
2017-12-20,30,Norway
2017-12-21,34,Norway
2017-12-22,38,Norway
2017-12-23,37,Norway
2017-12-24,33,Norway
2017-12-25,44,Norway
2017-12-26,56,Norway
2017-12-27,59,Norway
2017-12-28,64,Norway
2017-12-29,66,Norway
2017-12-30,81,Norway
2017-12-31,100,Norway
2018-01-01,80,Norway
2018-01-02,54,Norway
2018-01-03,54,Norway
2018-01-04,54,Norway
2018-01-05,57,Norway
2018-01-06,84,Norway
2018-01-07,100,Norway
2018-01-08,42,Norway
2018-01-09,40,Norway
2018-01-10,39,Norway
2018-01-11,50,Norway
2018-01-12,55,Norway
2018-01-13,73,Norway
2018-01-14,74,Norway
2018-01-15,38,Norway
2018-01-16,32,Norway
2018-01-17,35,Norway
2018-01-18,36,Norway
2018-01-19,40,Norway
2018-01-20,58,Norway
2018-01-21,48,Norway
2018-01-22,41,Norway
2018-01-23,32,Norway
2018-01-24,31,Norway
2018-01-25,29,Norway
2018-01-26,32,Norway
2018-01-27,48,Norway
2018-01-28,53,Norway
2018-01-29,31,Norway
2018-01-30,35,Norway
2018-01-31,29,Norway
2018-02-01,32,Norway
2018-02-02,37,Norway
2018-02-03,49,Norway
2018-02-04,40,Norway
2018-02-05,38,Norway
2018-02-06,29,Norway
2018-02-07,34,Norway
2018-02-08,33,Norway
2018-02-09,41,Norway
2018-02-10,45,Norway
2018-02-11,44,Norway
2018-02-12,41,Norway
2018-02-13,47,Norway
2018-02-14,30,Norway
2018-02-15,38,Norway
2018-02-16,43,Norway
2018-02-17,49,Norway
2018-02-18,51,Norway
2018-02-19,49,Norway
2018-02-20,40,Norway
2018-02-21,47,Norway
2018-02-22,41,Norway
2018-02-23,48,Norway
2018-02-24,59,Norway
2018-02-25,63,Norway
2018-02-26,39,Norway
2018-02-27,33,Norway
2018-02-28,30,Norway
2018-03-01,28,Norway
2018-03-02,40,Norway
2018-03-03,46,Norway
2018-03-04,46,Norway
2018-03-05,37,Norway
2018-03-06,31,Norway
2018-03-07,29,Norway
2018-03-08,31,Norway
2018-03-09,32,Norway
2018-03-10,53,Norway
2018-03-11,45,Norway
2018-03-12,34,Norway
2018-03-13,31,Norway
2018-03-14,30,Norway
2018-03-15,31,Norway
2018-03-16,46,Norway
2018-03-17,60,Norway
2018-03-18,44,Norway
2018-03-19,32,Norway
2018-03-20,28,Norway
2018-03-21,27,Norway
2018-03-22,32,Norway
2018-03-23,29,Norway
2018-03-24,41,Norway
2018-03-25,35,Norway
2018-03-26,38,Norway
2018-03-27,42,Norway
2018-03-28,42,Norway
2018-03-29,47,Norway
2018-03-30,43,Norway
2018-03-31,40,Norway
2018-04-01,38,Norway
2018-04-02,43,Norway
2018-04-03,30,Norway
2018-04-04,24,Norway
2018-04-05,30,Norway
2018-04-06,32,Norway
2018-04-07,36,Norway
2018-04-08,22,Norway
2018-04-09,22,Norway
2018-04-10,20,Norway
2018-04-11,21,Norway
2018-04-12,20,Norway
2018-04-13,20,Norway
2018-04-14,22,Norway
2018-04-15,22,Norway
2018-04-16,21,Norway
2018-04-17,19,Norway
2018-04-18,16,Norway
2018-04-19,16,Norway
2018-04-20,15,Norway
2018-04-21,16,Norway
2018-04-22,13,Norway
2018-04-23,18,Norway
2018-04-24,17,Norway
2018-04-25,15,Norway
2018-04-26,12,Norway
2018-04-27,18,Norway
2018-04-28,21,Norway
2018-04-29,14,Norway
2018-04-30,22,Norway
2018-05-01,16,Norway
2018-05-02,16,Norway
2018-05-03,16,Norway
2018-05-04,14,Norway
2018-05-05,16,Norway
2018-05-06,14,Norway
2018-05-07,17,Norway
2018-05-08,15,Norway
2018-05-09,14,Norway
2018-05-10,14,Norway
2018-05-11,19,Norway
2018-05-12,15,Norway
2018-05-13,12,Norway
2018-05-14,17,Norway
2018-05-15,16,Norway
2018-05-16,14,Norway
2018-05-17,19,Norway
2018-05-18,18,Norway
2018-05-19,16,Norway
2018-05-20,14,Norway
2018-05-21,10,Norway
2018-05-22,13,Norway
2018-05-23,12,Norway
2018-05-24,12,Norway
2018-05-25,15,Norway
2018-05-26,16,Norway
2018-05-27,11,Norway
2018-05-28,14,Norway
2018-05-29,13,Norway
2018-05-30,13,Norway
2018-05-31,11,Norway
2018-06-01,12,Norway
2018-06-02,17,Norway
2018-06-03,14,Norway
2018-06-04,12,Norway
2018-06-05,15,Norway
2018-06-06,12,Norway
2018-06-07,16,Norway
2018-06-08,13,Norway
2018-06-09,14,Norway
2018-06-10,15,Norway
2018-06-11,13,Norway
2018-06-12,15,Norway
2018-06-13,15,Norway
2018-06-14,13,Norway
2018-06-15,13,Norway
2018-06-16,14,Norway
2018-06-17,12,Norway
2018-06-18,16,Norway
2018-06-19,16,Norway
2018-06-20,13,Norway
2018-06-21,15,Norway
2018-06-22,17,Norway
2018-06-23,10,Norway
2018-06-24,12,Norway
2018-06-25,13,Norway
2018-06-26,13,Norway
2018-06-27,13,Norway
2018-06-28,11,Norway
2018-06-29,14,Norway
2018-06-30,14,Norway
2018-07-01,15,Norway
2018-07-02,24,Norway
2018-07-03,19,Norway
2018-07-04,25,Norway
2018-07-05,16,Norway
2018-07-06,18,Norway
2018-07-07,19,Norway
2018-07-08,17,Norway
2018-07-09,23,Norway
2018-07-10,22,Norway
2018-07-11,18,Norway
2018-07-12,17,Norway
2018-07-13,24,Norway
2018-07-14,19,Norway
2018-07-15,13,Norway
2018-07-16,22,Norway
2018-07-17,20,Norway
2018-07-18,13,Norway
2018-07-19,20,Norway
2018-07-20,18,Norway
2018-07-21,23,Norway
2018-07-22,17,Norway
2018-07-23,21,Norway
2018-07-24,19,Norway
2018-07-25,22,Norway
2018-07-26,17,Norway
2018-07-27,25,Norway
2018-07-28,19,Norway
2018-07-29,23,Norway
2018-07-30,24,Norway
2018-07-31,24,Norway
2018-08-01,21,Norway
2018-08-02,22,Norway
2018-08-03,27,Norway
2018-08-04,25,Norway
2018-08-05,20,Norway
2018-08-06,30,Norway
2018-08-07,28,Norway
2018-08-08,21,Norway
2018-08-09,19,Norway
2018-08-10,24,Norway
2018-08-11,25,Norway
2018-08-12,20,Norway
2018-08-13,26,Norway
2018-08-14,26,Norway
2018-08-15,27,Norway
2018-08-16,27,Norway
2018-08-17,22,Norway
2018-08-18,23,Norway
2018-08-19,22,Norway
2018-08-20,24,Norway
2018-08-21,26,Norway
2018-08-22,22,Norway
2018-08-23,27,Norway
2018-08-24,28,Norway
2018-08-25,34,Norway
2018-08-26,31,Norway
2018-08-27,20,Norway
2018-08-28,20,Norway
2018-08-29,25,Norway
2018-08-30,23,Norway
2018-08-31,22,Norway
2018-09-01,22,Norway
2018-09-02,22,Norway
2018-09-03,21,Norway
2018-09-04,29,Norway
2018-09-05,24,Norway
2018-09-06,29,Norway
2018-09-07,23,Norway
2018-09-08,22,Norway
2018-09-09,21,Norway
2018-09-10,20,Norway
2018-09-11,23,Norway
2018-09-12,15,Norway
2018-09-13,24,Norway
2018-09-14,27,Norway
2018-09-15,27,Norway
2018-09-16,28,Norway
2018-09-17,23,Norway
2018-09-18,28,Norway
2018-09-19,20,Norway
2018-09-20,31,Norway
2018-09-21,22,Norway
2018-09-22,38,Norway
2018-09-23,22,Norway
2018-09-24,19,Norway
2018-09-25,20,Norway
2018-09-26,26,Norway
2018-09-27,26,Norway
2018-09-28,22,Norway
2018-09-29,26,Norway
2018-09-30,26,Norway
2018-10-01,25,Norway
2018-10-02,26,Norway
2018-10-03,24,Norway
2018-10-04,25,Norway
2018-10-05,23,Norway
2018-10-06,27,Norway
2018-10-07,29,Norway
2018-10-08,29,Norway
2018-10-09,25,Norway
2018-10-10,23,Norway
2018-10-11,23,Norway
2018-10-12,26,Norway
2018-10-13,33,Norway
2018-10-14,31,Norway
2018-10-15,27,Norway
2018-10-16,25,Norway
2018-10-17,21,Norway
2018-10-18,21,Norway
2018-10-19,27,Norway
2018-10-20,31,Norway
2018-10-21,22,Norway
2018-10-22,25,Norway
2018-10-23,27,Norway
2018-10-24,25,Norway
2018-10-25,29,Norway
2018-10-26,30,Norway
2018-10-27,37,Norway
2018-10-28,37,Norway
2018-10-29,34,Norway
2018-10-30,40,Norway
2018-10-31,24,Norway
2018-11-01,32,Norway
2018-11-02,28,Norway
2018-11-03,39,Norway
2018-11-04,28,Norway
2018-11-05,26,Norway
2018-11-06,31,Norway
2018-11-07,26,Norway
2018-11-08,34,Norway
2018-11-09,28,Norway
2018-11-10,32,Norway
2018-11-11,32,Norway
2018-11-12,30,Norway
2018-11-13,31,Norway
2018-11-14,30,Norway
2018-11-15,23,Norway
2018-11-16,36,Norway
2018-11-17,47,Norway
2018-11-18,43,Norway
2018-11-19,35,Norway
2018-11-20,36,Norway
2018-11-21,36,Norway
2018-11-22,30,Norway
2018-11-23,42,Norway
2018-11-24,45,Norway
2018-11-25,46,Norway
2018-11-26,30,Norway
2018-11-27,31,Norway
2018-11-28,28,Norway
2018-11-29,30,Norway
2018-11-30,40,Norway
2018-12-01,39,Norway
2018-12-02,46,Norway
2018-12-03,27,Norway
2018-12-04,33,Norway
2018-12-05,34,Norway
2018-12-06,35,Norway
2018-12-07,48,Norway
2018-12-08,54,Norway
2018-12-09,55,Norway
2018-12-10,35,Norway
2018-12-11,38,Norway
2018-12-12,36,Norway
2018-12-13,35,Norway
2018-12-14,52,Norway
2018-12-15,64,Norway
2018-12-16,70,Norway
2018-12-17,45,Norway
2018-12-18,39,Norway
2018-12-19,48,Norway
2018-12-20,56,Norway
2018-12-21,61,Norway
2018-12-22,59,Norway
2018-12-23,54,Norway
2018-12-24,50,Norway
2018-12-25,61,Norway
2018-12-26,84,Norway
2018-12-27,81,Norway
2018-12-28,85,Norway
2018-12-29,96,Norway
2018-12-30,100,Norway
2018-12-31,77,Norway
2019-01-01,66,Norway
2019-01-02,57,Norway
2019-01-03,51,Norway
2019-01-04,43,Norway
2019-01-05,75,Norway
2019-01-06,100,Norway
2019-01-07,26,Norway
2019-01-08,29,Norway
2019-01-09,29,Norway
2019-01-10,23,Norway
2019-01-11,25,Norway
2019-01-12,40,Norway
2019-01-13,38,Norway
2019-01-14,28,Norway
2019-01-15,27,Norway
2019-01-16,26,Norway
2019-01-17,29,Norway
2019-01-18,34,Norway
2019-01-19,43,Norway
2019-01-20,57,Norway
2019-01-21,31,Norway
2019-01-22,31,Norway
2019-01-23,27,Norway
2019-01-24,27,Norway
2019-01-25,34,Norway
2019-01-26,46,Norway
2019-01-27,45,Norway
2019-01-28,29,Norway
2019-01-29,32,Norway
2019-01-30,31,Norway
2019-01-31,40,Norway
2019-02-01,34,Norway
2019-02-02,58,Norway
2019-02-03,58,Norway
2019-02-04,32,Norway
2019-02-05,33,Norway
2019-02-06,31,Norway
2019-02-07,31,Norway
2019-02-08,29,Norway
2019-02-09,35,Norway
2019-02-10,46,Norway
2019-02-11,31,Norway
2019-02-12,29,Norway
2019-02-13,27,Norway
2019-02-14,29,Norway
2019-02-15,33,Norway
2019-02-16,44,Norway
2019-02-17,42,Norway
2019-02-18,36,Norway
2019-02-19,43,Norway
2019-02-20,58,Norway
2019-02-21,66,Norway
2019-02-22,62,Norway
2019-02-23,87,Norway
2019-02-24,62,Norway
2019-02-25,48,Norway
2019-02-26,66,Norway
2019-02-27,49,Norway
2019-02-28,58,Norway
2019-03-01,57,Norway
2019-03-02,63,Norway
2019-03-03,63,Norway
2019-03-04,28,Norway
2019-03-05,21,Norway
2019-03-06,24,Norway
2019-03-07,24,Norway
2019-03-08,25,Norway
2019-03-09,38,Norway
2019-03-10,34,Norway
2019-03-11,25,Norway
2019-03-12,26,Norway
2019-03-13,23,Norway
2019-03-14,24,Norway
2019-03-15,23,Norway
2019-03-16,30,Norway
2019-03-17,36,Norway
2019-03-18,22,Norway
2019-03-19,21,Norway
2019-03-20,19,Norway
2019-03-21,17,Norway
2019-03-22,24,Norway
2019-03-23,28,Norway
2019-03-24,19,Norway
2019-03-25,21,Norway
2019-03-26,18,Norway
2019-03-27,17,Norway
2019-03-28,19,Norway
2019-03-29,22,Norway
2019-03-30,24,Norway
2019-03-31,13,Norway
2019-04-01,14,Norway
2019-04-02,14,Norway
2019-04-03,16,Norway
2019-04-04,15,Norway
2019-04-05,17,Norway
2019-04-06,20,Norway
2019-04-07,20,Norway
2019-04-08,17,Norway
2019-04-09,15,Norway
2019-04-10,17,Norway
2019-04-11,14,Norway
2019-04-12,17,Norway
2019-04-13,19,Norway
2019-04-14,19,Norway
2019-04-15,23,Norway
2019-04-16,19,Norway
2019-04-17,23,Norway
2019-04-18,23,Norway
2019-04-19,24,Norway
2019-04-20,24,Norway
2019-04-21,18,Norway
2019-04-22,33,Norway
2019-04-23,15,Norway
2019-04-24,13,Norway
2019-04-25,15,Norway
2019-04-26,17,Norway
2019-04-27,16,Norway
2019-04-28,11,Norway
2019-04-29,13,Norway
2019-04-30,13,Norway
2019-05-01,12,Norway
2019-05-02,12,Norway
2019-05-03,12,Norway
2019-05-04,15,Norway
2019-05-05,10,Norway
2019-05-06,9,Norway
2019-05-07,11,Norway
2019-05-08,12,Norway
2019-05-09,12,Norway
2019-05-10,10,Norway
2019-05-11,15,Norway
2019-05-12,9,Norway
2019-05-13,13,Norway
2019-05-14,11,Norway
2019-05-15,13,Norway
2019-05-16,14,Norway
2019-05-17,14,Norway
2019-05-18,10,Norway
2019-05-19,10,Norway
2019-05-20,11,Norway
2019-05-21,10,Norway
2019-05-22,10,Norway
2019-05-23,12,Norway
2019-05-24,12,Norway
2019-05-25,10,Norway
2019-05-26,9,Norway
2019-05-27,13,Norway
2019-05-28,10,Norway
2019-05-29,14,Norway
2019-05-30,12,Norway
2019-05-31,11,Norway
2019-06-01,11,Norway
2019-06-02,10,Norway
2019-06-03,9,Norway
2019-06-04,11,Norway
2019-06-05,11,Norway
2019-06-06,12,Norway
2019-06-07,14,Norway
2019-06-08,14,Norway
2019-06-09,10,Norway
2019-06-10,9,Norway
2019-06-11,11,Norway
2019-06-12,11,Norway
2019-06-13,14,Norway
2019-06-14,14,Norway
2019-06-15,9,Norway
2019-06-16,11,Norway
2019-06-17,12,Norway
2019-06-18,11,Norway
2019-06-19,14,Norway
2019-06-20,14,Norway
2019-06-21,10,Norway
2019-06-22,13,Norway
2019-06-23,7,Norway
2019-06-24,14,Norway
2019-06-25,13,Norway
2019-06-26,11,Norway
2019-06-27,9,Norway
2019-06-28,10,Norway
2019-06-29,11,Norway
2019-06-30,10,Norway
2019-07-01,18,Norway
2019-07-02,13,Norway
2019-07-03,19,Norway
2019-07-04,14,Norway
2019-07-05,13,Norway
2019-07-06,14,Norway
2019-07-07,13,Norway
2019-07-08,15,Norway
2019-07-09,13,Norway
2019-07-10,14,Norway
2019-07-11,10,Norway
2019-07-12,13,Norway
2019-07-13,14,Norway
2019-07-14,11,Norway
2019-07-15,16,Norway
2019-07-16,14,Norway
2019-07-17,16,Norway
2019-07-18,13,Norway
2019-07-19,16,Norway
2019-07-20,15,Norway
2019-07-21,15,Norway
2019-07-22,17,Norway
2019-07-23,14,Norway
2019-07-24,14,Norway
2019-07-25,13,Norway
2019-07-26,16,Norway
2019-07-27,18,Norway
2019-07-28,11,Norway
2019-07-29,17,Norway
2019-07-30,18,Norway
2019-07-31,15,Norway
2019-08-01,16,Norway
2019-08-02,16,Norway
2019-08-03,12,Norway
2019-08-04,13,Norway
2019-08-05,17,Norway
2019-08-06,16,Norway
2019-08-07,15,Norway
2019-08-08,17,Norway
2019-08-09,16,Norway
2019-08-10,21,Norway
2019-08-11,13,Norway
2019-08-12,19,Norway
2019-08-13,20,Norway
2019-08-14,19,Norway
2019-08-15,15,Norway
2019-08-16,16,Norway
2019-08-17,18,Norway
2019-08-18,16,Norway
2019-08-19,22,Norway
2019-08-20,20,Norway
2019-08-21,19,Norway
2019-08-22,18,Norway
2019-08-23,17,Norway
2019-08-24,23,Norway
2019-08-25,18,Norway
2019-08-26,16,Norway
2019-08-27,17,Norway
2019-08-28,16,Norway
2019-08-29,15,Norway
2019-08-30,20,Norway
2019-08-31,15,Norway
2019-09-01,13,Norway
2019-09-02,15,Norway
2019-09-03,14,Norway
2019-09-04,15,Norway
2019-09-05,16,Norway
2019-09-06,18,Norway
2019-09-07,22,Norway
2019-09-08,18,Norway
2019-09-09,19,Norway
2019-09-10,14,Norway
2019-09-11,14,Norway
2019-09-12,14,Norway
2019-09-13,18,Norway
2019-09-14,18,Norway
2019-09-15,16,Norway
2019-09-16,16,Norway
2019-09-17,16,Norway
2019-09-18,14,Norway
2019-09-19,15,Norway
2019-09-20,15,Norway
2019-09-21,16,Norway
2019-09-22,16,Norway
2019-09-23,13,Norway
2019-09-24,13,Norway
2019-09-25,21,Norway
2019-09-26,17,Norway
2019-09-27,18,Norway
2019-09-28,20,Norway
2019-09-29,15,Norway
2019-09-30,17,Norway
2019-10-01,18,Norway
2019-10-02,14,Norway
2019-10-03,17,Norway
2019-10-04,19,Norway
2019-10-05,18,Norway
2019-10-06,18,Norway
2019-10-07,18,Norway
2019-10-08,19,Norway
2019-10-09,19,Norway
2019-10-10,18,Norway
2019-10-11,18,Norway
2019-10-12,21,Norway
2019-10-13,19,Norway
2019-10-14,17,Norway
2019-10-15,19,Norway
2019-10-16,18,Norway
2019-10-17,19,Norway
2019-10-18,21,Norway
2019-10-19,22,Norway
2019-10-20,20,Norway
2019-10-21,16,Norway
2019-10-22,17,Norway
2019-10-23,15,Norway
2019-10-24,18,Norway
2019-10-25,18,Norway
2019-10-26,23,Norway
2019-10-27,21,Norway
2019-10-28,23,Norway
2019-10-29,17,Norway
2019-10-30,17,Norway
2019-10-31,20,Norway
2019-11-01,19,Norway
2019-11-02,22,Norway
2019-11-03,22,Norway
2019-11-04,19,Norway
2019-11-05,18,Norway
2019-11-06,19,Norway
2019-11-07,21,Norway
2019-11-08,21,Norway
2019-11-09,29,Norway
2019-11-10,23,Norway
2019-11-11,20,Norway
2019-11-12,24,Norway
2019-11-13,22,Norway
2019-11-14,21,Norway
2019-11-15,24,Norway
2019-11-16,28,Norway
2019-11-17,28,Norway
2019-11-18,21,Norway
2019-11-19,24,Norway
2019-11-20,21,Norway
2019-11-21,20,Norway
2019-11-22,23,Norway
2019-11-23,32,Norway
2019-11-24,29,Norway
2019-11-25,24,Norway
2019-11-26,22,Norway
2019-11-27,20,Norway
2019-11-28,29,Norway
2019-11-29,38,Norway
2019-11-30,42,Norway
2019-12-01,33,Norway
2019-12-02,23,Norway
2019-12-03,26,Norway
2019-12-04,23,Norway
2019-12-05,24,Norway
2019-12-06,23,Norway
2019-12-07,30,Norway
2019-12-08,37,Norway
2019-12-09,24,Norway
2019-12-10,22,Norway
2019-12-11,26,Norway
2019-12-12,23,Norway
2019-12-13,30,Norway
2019-12-14,34,Norway
2019-12-15,41,Norway
2019-12-16,28,Norway
2019-12-17,29,Norway
2019-12-18,27,Norway
2019-12-19,27,Norway
2019-12-20,30,Norway
2019-12-21,37,Norway
2019-12-22,37,Norway
2019-12-23,33,Norway
2019-12-24,30,Norway
2019-12-25,41,Norway
2019-12-26,49,Norway
2019-12-27,63,Norway
2019-12-28,100,Norway
2019-12-29,88,Norway
2019-12-30,76,Norway
2019-12-31,74,Norway
2020-01-01,70,Norway
2020-01-02,54,Norway
2020-01-03,66,Norway
2020-01-04,78,Norway
2020-01-05,100,Norway
2020-01-06,29,Norway
2020-01-07,21,Norway
2020-01-08,21,Norway
2020-01-09,23,Norway
2020-01-10,20,Norway
2020-01-11,31,Norway
2020-01-12,27,Norway
2020-01-13,27,Norway
2020-01-14,22,Norway
2020-01-15,21,Norway
2020-01-16,21,Norway
2020-01-17,18,Norway
2020-01-18,37,Norway
2020-01-19,36,Norway
2020-01-20,20,Norway
2020-01-21,21,Norway
2020-01-22,19,Norway
2020-01-23,15,Norway
2020-01-24,21,Norway
2020-01-25,28,Norway
2020-01-26,28,Norway
2020-01-27,22,Norway
2020-01-28,22,Norway
2020-01-29,22,Norway
2020-01-30,31,Norway
2020-01-31,30,Norway
2020-02-01,43,Norway
2020-02-02,45,Norway
2020-02-03,23,Norway
2020-02-04,18,Norway
2020-02-05,22,Norway
2020-02-06,20,Norway
2020-02-07,24,Norway
2020-02-08,34,Norway
2020-02-09,33,Norway
2020-02-10,25,Norway
2020-02-11,19,Norway
2020-02-12,21,Norway
2020-02-13,25,Norway
2020-02-14,31,Norway
2020-02-15,39,Norway
2020-02-16,38,Norway
2020-02-17,31,Norway
2020-02-18,37,Norway
2020-02-19,36,Norway
2020-02-20,38,Norway
2020-02-21,34,Norway
2020-02-22,45,Norway
2020-02-23,43,Norway
2020-02-24,25,Norway
2020-02-25,25,Norway
2020-02-26,22,Norway
2020-02-27,23,Norway
2020-02-28,26,Norway
2020-02-29,31,Norway
2020-03-01,29,Norway
2020-03-02,20,Norway
2020-03-03,23,Norway
2020-03-04,23,Norway
2020-03-05,23,Norway
2020-03-06,23,Norway
2020-03-07,29,Norway
2020-03-08,25,Norway
2020-03-09,20,Norway
2020-03-10,20,Norway
2020-03-11,14,Norway
2020-03-12,15,Norway
2020-03-13,15,Norway
2020-03-14,19,Norway
2020-03-15,11,Norway
2020-03-16,11,Norway
2020-03-17,11,Norway
2020-03-18,10,Norway
2020-03-19,11,Norway
2020-03-20,12,Norway
2020-03-21,15,Norway
2020-03-22,10,Norway
2020-03-23,9,Norway
2020-03-24,11,Norway
2020-03-25,9,Norway
2020-03-26,10,Norway
2020-03-27,9,Norway
2020-03-28,10,Norway
2020-03-29,13,Norway
2020-03-30,12,Norway
2020-03-31,11,Norway
2020-04-01,11,Norway
2020-04-02,7,Norway
2020-04-03,13,Norway
2020-04-04,15,Norway
2020-04-05,12,Norway
2020-04-06,21,Norway
2020-04-07,41,Norway
2020-04-08,14,Norway
2020-04-09,13,Norway
2020-04-10,15,Norway
2020-04-11,15,Norway
2020-04-12,10,Norway
2020-04-13,11,Norway
2020-04-14,11,Norway
2020-04-15,10,Norway
2020-04-16,10,Norway
2020-04-17,14,Norway
2020-04-18,14,Norway
2020-04-19,10,Norway
2020-04-20,12,Norway
2020-04-21,15,Norway
2020-04-22,13,Norway
2020-04-23,13,Norway
2020-04-24,14,Norway
2020-04-25,15,Norway
2020-04-26,11,Norway
2020-04-27,12,Norway
2020-04-28,11,Norway
2020-04-29,12,Norway
2020-04-30,12,Norway
2020-05-01,13,Norway
2020-05-02,15,Norway
2020-05-03,9,Norway
2020-05-04,12,Norway
2020-05-05,11,Norway
2020-05-06,12,Norway
2020-05-07,12,Norway
2020-05-08,12,Norway
2020-05-09,12,Norway
2020-05-10,9,Norway
2020-05-11,10,Norway
2020-05-12,13,Norway
2020-05-13,11,Norway
2020-05-14,10,Norway
2020-05-15,10,Norway
2020-05-16,11,Norway
2020-05-17,8,Norway
2020-05-18,10,Norway
2020-05-19,11,Norway
2020-05-20,12,Norway
2020-05-21,10,Norway
2020-05-22,12,Norway
2020-05-23,10,Norway
2020-05-24,13,Norway
2020-05-25,11,Norway
2020-05-26,12,Norway
2020-05-27,9,Norway
2020-05-28,11,Norway
2020-05-29,12,Norway
2020-05-30,14,Norway
2020-05-31,9,Norway
2020-06-01,9,Norway
2020-06-02,10,Norway
2020-06-03,8,Norway
2020-06-04,10,Norway
2020-06-05,11,Norway
2020-06-06,17,Norway
2020-06-07,12,Norway
2020-06-08,13,Norway
2020-06-09,10,Norway
2020-06-10,11,Norway
2020-06-11,12,Norway
2020-06-12,9,Norway
2020-06-13,15,Norway
2020-06-14,11,Norway
2020-06-15,12,Norway
2020-06-16,12,Norway
2020-06-17,10,Norway
2020-06-18,10,Norway
2020-06-19,8,Norway
2020-06-20,13,Norway
2020-06-21,9,Norway
2020-06-22,13,Norway
2020-06-23,12,Norway
2020-06-24,11,Norway
2020-06-25,14,Norway
2020-06-26,12,Norway
2020-06-27,10,Norway
2020-06-28,8,Norway
2020-06-29,14,Norway
2020-06-30,10,Norway
2020-07-01,23,Norway
2020-07-02,29,Norway
2020-07-03,34,Norway
2020-07-04,29,Norway
2020-07-05,29,Norway
2020-07-06,31,Norway
2020-07-07,30,Norway
2020-07-08,28,Norway
2020-07-09,26,Norway
2020-07-10,29,Norway
2020-07-11,23,Norway
2020-07-12,21,Norway
2020-07-13,35,Norway
2020-07-14,33,Norway
2020-07-15,19,Norway
2020-07-16,24,Norway
2020-07-17,28,Norway
2020-07-18,25,Norway
2020-07-19,18,Norway
2020-07-20,27,Norway
2020-07-21,29,Norway
2020-07-22,23,Norway
2020-07-23,22,Norway
2020-07-24,25,Norway
2020-07-25,33,Norway
2020-07-26,25,Norway
2020-07-27,32,Norway
2020-07-28,34,Norway
2020-07-29,28,Norway
2020-07-30,23,Norway
2020-07-31,23,Norway
2020-08-01,30,Norway
2020-08-02,30,Norway
2020-08-03,33,Norway
2020-08-04,26,Norway
2020-08-05,28,Norway
2020-08-06,28,Norway
2020-08-07,27,Norway
2020-08-08,25,Norway
2020-08-09,21,Norway
2020-08-10,31,Norway
2020-08-11,28,Norway
2020-08-12,29,Norway
2020-08-13,24,Norway
2020-08-14,27,Norway
2020-08-15,31,Norway
2020-08-16,20,Norway
2020-08-17,28,Norway
2020-08-18,31,Norway
2020-08-19,27,Norway
2020-08-20,26,Norway
2020-08-21,31,Norway
2020-08-22,28,Norway
2020-08-23,23,Norway
2020-08-24,33,Norway
2020-08-25,32,Norway
2020-08-26,31,Norway
2020-08-27,25,Norway
2020-08-28,28,Norway
2020-08-29,35,Norway
2020-08-30,24,Norway
2020-08-31,29,Norway
2020-09-01,28,Norway
2020-09-02,25,Norway
2020-09-03,28,Norway
2020-09-04,29,Norway
2020-09-05,33,Norway
2020-09-06,29,Norway
2020-09-07,28,Norway
2020-09-08,26,Norway
2020-09-09,17,Norway
2020-09-10,31,Norway
2020-09-11,30,Norway
2020-09-12,32,Norway
2020-09-13,29,Norway
2020-09-14,26,Norway
2020-09-15,25,Norway
2020-09-16,32,Norway
2020-09-17,23,Norway
2020-09-18,28,Norway
2020-09-19,38,Norway
2020-09-20,25,Norway
2020-09-21,29,Norway
2020-09-22,30,Norway
2020-09-23,24,Norway
2020-09-24,30,Norway
2020-09-25,26,Norway
2020-09-26,32,Norway
2020-09-27,32,Norway
2020-09-28,28,Norway
2020-09-29,31,Norway
2020-09-30,30,Norway
2020-10-01,27,Norway
2020-10-02,32,Norway
2020-10-03,43,Norway
2020-10-04,32,Norway
2020-10-05,33,Norway
2020-10-06,28,Norway
2020-10-07,36,Norway
2020-10-08,30,Norway
2020-10-09,33,Norway
2020-10-10,46,Norway
2020-10-11,38,Norway
2020-10-12,31,Norway
2020-10-13,36,Norway
2020-10-14,41,Norway
2020-10-15,29,Norway
2020-10-16,39,Norway
2020-10-17,40,Norway
2020-10-18,34,Norway
2020-10-19,30,Norway
2020-10-20,31,Norway
2020-10-21,38,Norway
2020-10-22,30,Norway
2020-10-23,35,Norway
2020-10-24,42,Norway
2020-10-25,32,Norway
2020-10-26,31,Norway
2020-10-27,34,Norway
2020-10-28,34,Norway
2020-10-29,39,Norway
2020-10-30,34,Norway
2020-10-31,37,Norway
2020-11-01,37,Norway
2020-11-02,34,Norway
2020-11-03,23,Norway
2020-11-04,30,Norway
2020-11-05,25,Norway
2020-11-06,31,Norway
2020-11-07,29,Norway
2020-11-08,28,Norway
2020-11-09,34,Norway
2020-11-10,33,Norway
2020-11-11,27,Norway
2020-11-12,29,Norway
2020-11-13,31,Norway
2020-11-14,33,Norway
2020-11-15,25,Norway
2020-11-16,36,Norway
2020-11-17,32,Norway
2020-11-18,37,Norway
2020-11-19,36,Norway
2020-11-20,43,Norway
2020-11-21,59,Norway
2020-11-22,55,Norway
2020-11-23,40,Norway
2020-11-24,44,Norway
2020-11-25,35,Norway
2020-11-26,38,Norway
2020-11-27,56,Norway
2020-11-28,60,Norway
2020-11-29,47,Norway
2020-11-30,38,Norway
2020-12-01,39,Norway
2020-12-02,35,Norway
2020-12-03,41,Norway
2020-12-04,46,Norway
2020-12-05,56,Norway
2020-12-06,52,Norway
2020-12-07,38,Norway
2020-12-08,38,Norway
2020-12-09,37,Norway
2020-12-10,64,Norway
2020-12-11,45,Norway
2020-12-12,54,Norway
2020-12-13,65,Norway
2020-12-14,47,Norway
2020-12-15,52,Norway
2020-12-16,49,Norway
2020-12-17,44,Norway
2020-12-18,51,Norway
2020-12-19,64,Norway
2020-12-20,64,Norway
2020-12-21,56,Norway
2020-12-22,48,Norway
2020-12-23,50,Norway
2020-12-24,47,Norway
2020-12-25,55,Norway
2020-12-26,68,Norway
2020-12-27,71,Norway
2020-12-28,93,Norway
2020-12-29,97,Norway
2020-12-30,67,Norway
2020-12-31,100,Norway
